PMID,Title,Authors,Citation,First Author,Journal/Book,Publication Year,Create Date,PMCID,NIHMS ID,DOI
"30461222","Label-Free Electrophoretic Mobility Shift Assay (EMSA) for Measuring Dissociation Constants of Protein-RNA Complexes","Seo M, Lei L, Egli M.","Curr Protoc Nucleic Acid Chem. 2019 Mar;76(1):e70. doi: 10.1002/cpnc.70. Epub 2018 Nov 21.","Seo M","Curr Protoc Nucleic Acid Chem","2019","2018/11/22","PMC6391183","NIHMS996428","10.1002/cpnc.70"
"31136154","Determination of the Equilibrium Constant and Rate Constant of Protein-Oligonucleotide Complex Dissociation under the Conditions of Ideal-Filter Capillary Electrophoresis","Le ATH, Krylova SM, Krylov SN.","Anal Chem. 2019 Jul 2;91(13):8532-8539. doi: 10.1021/acs.analchem.9b01801. Epub 2019 Jun 11.","Le ATH","Anal Chem","2019","2019/05/29","","","10.1021/acs.analchem.9b01801"
"27159581","Metabolite concentrations, fluxes and free energies imply efficient enzyme usage","Park JO, Rubin SA, Xu YF, Amador-Noguez D, Fan J, Shlomi T, Rabinowitz JD.","Nat Chem Biol. 2016 Jul;12(7):482-9. doi: 10.1038/nchembio.2077. Epub 2016 May 2.","Park JO","Nat Chem Biol","2016","2016/05/10","PMC4912430","NIHMS767915","10.1038/nchembio.2077"
"30346142","Phosphorylation of Phenylalanine Hydroxylase Increases the Rate Constant for Formation of the Activated Conformation of the Enzyme","Khan CA, Fitzpatrick PF.","Biochemistry. 2018 Nov 6;57(44):6274-6277. doi: 10.1021/acs.biochem.8b00919. Epub 2018 Oct 24.","Khan CA","Biochemistry","2018","2018/10/23","PMC6219928","NIHMS994471","10.1021/acs.biochem.8b00919"
"31653696","The apparent deglycase activity of DJ-1 results from the conversion of free methylglyoxal present in fast equilibrium with hemithioacetals and hemiaminals","Andreeva A, Bekkhozhin Z, Omertassova N, Baizhumanov T, Yeltay G, Akhmetali M, Toibazar D, Utepbergenov D.","J Biol Chem. 2019 Dec 6;294(49):18863-18872. doi: 10.1074/jbc.RA119.011237. Epub 2019 Oct 24.","Andreeva A","J Biol Chem","2019","2019/10/27","PMC6901308","","10.1074/jbc.RA119.011237"
"30838206","Carbon Acidity in Enzyme Active Sites","Toney MD.","Front Bioeng Biotechnol. 2019 Feb 19;7:25. doi: 10.3389/fbioe.2019.00025. eCollection 2019.","Toney MD","Front Bioeng Biotechnol","2019","2019/03/07","PMC6389717","","10.3389/fbioe.2019.00025"
"25668425","Using nonequilibrium capillary electrophoresis of equilibrium mixtures (NECEEM) for simultaneous determination of concentration and equilibrium constant","Kanoatov M, Galievsky VA, Krylova SM, Cherney LT, Jankowski HK, Krylov SN.","Anal Chem. 2015 Mar 3;87(5):3099-106. doi: 10.1021/acs.analchem.5b00171. Epub 2015 Feb 18.","Kanoatov M","Anal Chem","2015","2015/02/11","","","10.1021/acs.analchem.5b00171"
"32407124","Unique Enzyme Activity of Peroxidase on a Clay Nanosheet","Arai T, Tabuchi M, Sato Y, Ishida T, Shimada T, Takagi S.","Langmuir. 2020 Jul 28;36(29):8384-8388. doi: 10.1021/acs.langmuir.0c00607. Epub 2020 May 27.","Arai T","Langmuir","2020","2020/05/15","","","10.1021/acs.langmuir.0c00607"
"32981225","Words of advice: teaching enzyme kinetics","Srinivasan B.","FEBS J. 2021 Apr;288(7):2068-2083. doi: 10.1111/febs.15537. Epub 2020 Sep 27.","Srinivasan B","FEBS J","2021","2020/09/27","","","10.1111/febs.15537"
"19558174","Determination of rapid-equilibrium kinetic parameters of ordered and random enzyme-catalyzed reaction A+B=P+Q","Alberty RA.","J Phys Chem B. 2009 Jul 23;113(29):10043-8. doi: 10.1021/jp9021097.","Alberty RA","J Phys Chem B","2009","2009/06/30","PMC2711645","","10.1021/jp9021097"
"30737350","Artificial Fusion of mCherry Enhances Trehalose Transferase Solubility and Stability","Mestrom L, Marsden SR, Dieters M, Achterberg P, Stolk L, Bento I, Hanefeld U, Hagedoorn PL.","Appl Environ Microbiol. 2019 Apr 4;85(8):e03084-18. doi: 10.1128/AEM.03084-18. Print 2019 Apr 15.","Mestrom L","Appl Environ Microbiol","2019","2019/02/10","PMC6450025","","10.1128/AEM.03084-18"
"31981743","Standard Gibbs energy of metabolic reactions: IV. Triosephosphate isomerase reaction","Greinert T, Baumhove K, Sadowski G, Held C.","Biophys Chem. 2020 Mar;258:106330. doi: 10.1016/j.bpc.2020.106330. Epub 2020 Jan 13.","Greinert T","Biophys Chem","2020","2020/01/26","","","10.1016/j.bpc.2020.106330"
"28602731","Energy conservation and maximal entropy production in enzyme reactions","Dobovišek A, Vitas M, Brumen M, Fajmut A.","Biosystems. 2017 Aug;158:47-56. doi: 10.1016/j.biosystems.2017.06.001. Epub 2017 Jun 7.","Dobovišek A","Biosystems","2017","2017/06/13","","","10.1016/j.biosystems.2017.06.001"
"31185017","Features and structure of a cold active N-acetylneuraminate lyase","Gurung MK, Altermark B, Helland R, Smalås AO, Ræder ILU.","PLoS One. 2019 Jun 11;14(6):e0217713. doi: 10.1371/journal.pone.0217713. eCollection 2019.","Gurung MK","PLoS One","2019","2019/06/12","PMC6559660","","10.1371/journal.pone.0217713"
"30735374","Insights into Urease Inhibition by N-( n-Butyl) Phosphoric Triamide through an Integrated Structural and Kinetic Approach","Mazzei L, Cianci M, Contaldo U, Ciurli S.","J Agric Food Chem. 2019 Feb 27;67(8):2127-2138. doi: 10.1021/acs.jafc.8b04791. Epub 2019 Feb 18.","Mazzei L","J Agric Food Chem","2019","2019/02/09","","","10.1021/acs.jafc.8b04791"
"30974019","Resolution of (R,S)-ibuprofen catalyzed by immobilized Novozym40086 in organic phase","Yuan X, Wang L, Liu G, Dai G, Tang K.","Chirality. 2019 Jun;31(6):445-456. doi: 10.1002/chir.23070. Epub 2019 Apr 11.","Yuan X","Chirality","2019","2019/04/12","","","10.1002/chir.23070"
"28500386","Thermodynamics of enzyme-catalyzed esterifications: I. Succinic acid esterification with ethanol","Altuntepe E, Greinert T, Hartmann F, Reinhardt A, Sadowski G, Held C.","Appl Microbiol Biotechnol. 2017 Aug;101(15):5973-5984. doi: 10.1007/s00253-017-8287-4. Epub 2017 May 12.","Altuntepe E","Appl Microbiol Biotechnol","2017","2017/05/14","","","10.1007/s00253-017-8287-4"
"26174880","Cato Guldberg and Peter Waage, the history of the Law of Mass Action, and its relevance to clinical pharmacology","Ferner RE, Aronson JK.","Br J Clin Pharmacol. 2016 Jan;81(1):52-5. doi: 10.1111/bcp.12721. Epub 2015 Oct 22.","Ferner RE","Br J Clin Pharmacol","2016","2015/07/16","PMC4693570","","10.1111/bcp.12721"
"29637955","Co-solvent effects on reaction rate and reaction equilibrium of an enzymatic peptide hydrolysis","Wangler A , Canales R , Held C , Luong TQ , Winter R , Zaitsau DH , Verevkin SP , Sadowski G .","Phys Chem Chem Phys. 2018 Apr 25;20(16):11317-11326. doi: 10.1039/c7cp07346a.","Wangler A","Phys Chem Chem Phys","2018","2018/04/12","","","10.1039/c7cp07346a"
"17092210","The dependence of enzyme activity on temperature: determination and validation of parameters","Peterson ME, Daniel RM, Danson MJ, Eisenthal R.","Biochem J. 2007 Mar 1;402(2):331-7. doi: 10.1042/BJ20061143.","Peterson ME","Biochem J","2007","2006/11/10","PMC1798444","","10.1042/BJ20061143"
"17254853","Basis for the equilibrium constant in the interconversion of l-lysine and l-beta-lysine by lysine 2,3-aminomutase","Chen D, Tanem J, Frey PA.","Biochim Biophys Acta. 2007 Feb;1774(2):297-302. doi: 10.1016/j.bbapap.2006.12.002. Epub 2006 Dec 20.","Chen D","Biochim Biophys Acta","2007","2007/01/27","PMC2045507","NIHMS18416","10.1016/j.bbapap.2006.12.002"
"18083873","Enzymic approach to eurythermalism of Alvinella pompejana and its episymbionts","Lee CK, Cary SC, Murray AE, Daniel RM.","Appl Environ Microbiol. 2008 Feb;74(3):774-82. doi: 10.1128/AEM.01960-07. Epub 2007 Dec 14.","Lee CK","Appl Environ Microbiol","2008","2007/12/18","PMC2227733","","10.1128/AEM.01960-07"
"31617350","Precise Cross-Dimensional Regulation of the Structure of a Photoreversible DNA Nanoswitch","Wang J, Song Q, Guo X, Cui X, Tan L, Dong L.","Anal Chem. 2019 Nov 19;91(22):14530-14537. doi: 10.1021/acs.analchem.9b03547. Epub 2019 Oct 30.","Wang J","Anal Chem","2019","2019/10/17","","","10.1021/acs.analchem.9b03547"
"30950601","RNA Polymerase: Step-by-Step Kinetics and Mechanism of Transcription Initiation","Henderson KL, Evensen CE, Molzahn CM, Felth LC, Dyke S, Liao G, Shkel IA, Record MT Jr.","Biochemistry. 2019 May 7;58(18):2339-2352. doi: 10.1021/acs.biochem.9b00049. Epub 2019 Apr 19.","Henderson KL","Biochemistry","2019","2019/04/06","PMC6504642","NIHMS1022108","10.1021/acs.biochem.9b00049"
"22538293","A review of the binding-change mechanism for proton-translocating transhydrogenase","Jackson JB.","Biochim Biophys Acta. 2012 Oct;1817(10):1839-46. doi: 10.1016/j.bbabio.2012.04.006. Epub 2012 Apr 17.","Jackson JB","Biochim Biophys Acta","2012","2012/04/28","","","10.1016/j.bbabio.2012.04.006"
"33221375","Reviewing the experimental and mathematical factors involved in tight binding inhibitors K(i) values determination: The bi-functional protease inhibitor SmCI as a test model","Reytor Gonzalez ML, Alonso Del Rivero Antigua M.","Biochimie. 2021 Feb;181:86-95. doi: 10.1016/j.biochi.2020.11.014. Epub 2020 Nov 19.","Reytor Gonzalez ML","Biochimie","2021","2020/11/22","","","10.1016/j.biochi.2020.11.014"
"30836854","Molecular mechanism of acetoacetyl-CoA enhanced kinetics for increased bioplastic production from Cupriavidus necator 428","Singh A, Das M, Grover A.","J Biomol Struct Dyn. 2020 Feb;38(3):827-840. doi: 10.1080/07391102.2019.1590239. Epub 2019 Mar 19.","Singh A","J Biomol Struct Dyn","2020","2019/03/07","","","10.1080/07391102.2019.1590239"
"32322725","Kinetic and oligomeric study of Leishmania braziliensis nicotinate/nicotinamide mononucleotide adenylyltransferase","Contreras Rodríguez LE, Ziegler M, Ramírez Hernández MH.","Heliyon. 2020 Apr 12;6(4):e03733. doi: 10.1016/j.heliyon.2020.e03733. eCollection 2020 Apr.","Contreras Rodríguez LE","Heliyon","2020","2020/04/24","PMC7160426","","10.1016/j.heliyon.2020.e03733"
"29787240","Sulfonium Ion Condensation: The Burden Borne by SAM Synthetase","Lewis CA Jr, Wolfenden R.","Biochemistry. 2018 Jul 3;57(26):3549-3551. doi: 10.1021/acs.biochem.8b00477. Epub 2018 May 31.","Lewis CA Jr","Biochemistry","2018","2018/05/23","","","10.1021/acs.biochem.8b00477"
"33399120","Insight into the kinetically and thermodynamically controlled biosynthesis of silver nanoparticles","Anand S, Pandiyan Kuppusamy RR, Padmanabhan P.","IET Nanobiotechnol. 2020 Dec;14(9):864-869. doi: 10.1049/iet-nbt.2019.0373.","Anand S","IET Nanobiotechnol","2020","2021/01/05","","","10.1049/iet-nbt.2019.0373"
"29768031","Phytochemical compounds and anti-corrosion activity of Veronica rosea","Ouache R, Harkat H, Pale P, Oulmi K.","Nat Prod Res. 2019 May;33(9):1374-1378. doi: 10.1080/14786419.2018.1474464. Epub 2018 May 16.","Ouache R","Nat Prod Res","2019","2018/05/17","","","10.1080/14786419.2018.1474464"
"30831164","Characterization of physicochemical properties of cellulose from potato pulp and their effects on enzymatic hydrolysis by cellulase","Cheng L, Hu X, Gu Z, Hong Y, Li Z, Li C.","Int J Biol Macromol. 2019 Jun 15;131:564-571. doi: 10.1016/j.ijbiomac.2019.02.164. Epub 2019 Mar 1.","Cheng L","Int J Biol Macromol","2019","2019/03/05","","","10.1016/j.ijbiomac.2019.02.164"
"31886673","Insight into the Synergistic Effect of Adsorption-Photocatalysis for the Removal of Organic Dye Pollutants by Cr-Doped ZnO","Chen J, Xiong Y, Duan M, Li X, Li J, Fang S, Qin S, Zhang R.","Langmuir. 2020 Jan 21;36(2):520-533. doi: 10.1021/acs.langmuir.9b02879. Epub 2020 Jan 9.","Chen J","Langmuir","2020","2019/12/31","","","10.1021/acs.langmuir.9b02879"
"32101243","Proof of concept for poor inhibitor binding and efficient formation of covalent adducts of KRAS(G12C) and ARS compounds","Khrenova MG, Kulakova AM, Nemukhin AV.","Org Biomol Chem. 2020 Apr 29;18(16):3069-3081. doi: 10.1039/d0ob00071j.","Khrenova MG","Org Biomol Chem","2020","2020/02/27","","","10.1039/d0ob00071j"
"21867984","Reactions of dipolar bio-molecules in nano-capsules--example of folding-unfolding process","Sanfeld A, Sefiane K, Steinchen A.","Adv Colloid Interface Sci. 2011 Nov 14;169(1):26-39. doi: 10.1016/j.cis.2011.07.003. Epub 2011 Jul 30.","Sanfeld A","Adv Colloid Interface Sci","2011","2011/08/27","","","10.1016/j.cis.2011.07.003"
"31473456","Hydroxyphenyl thiosemicarbazones as inhibitors of mushroom tyrosinase and antibrowning agents","Carcelli M, Rogolino D, Bartoli J, Pala N, Compari C, Ronda N, Bacciottini F, Incerti M, Fisicaro E.","Food Chem. 2020 Jan 15;303:125310. doi: 10.1016/j.foodchem.2019.125310. Epub 2019 Aug 1.","Carcelli M","Food Chem","2020","2019/09/02","","","10.1016/j.foodchem.2019.125310"
"21501921","Recommendations for terminology and databases for biochemical thermodynamics","Alberty RA, Cornish-Bowden A, Goldberg RN, Hammes GG, Tipton K, Westerhoff HV.","Biophys Chem. 2011 May;155(2-3):89-103. doi: 10.1016/j.bpc.2011.03.007. Epub 2011 Mar 24.","Alberty RA","Biophys Chem","2011","2011/04/20","","","10.1016/j.bpc.2011.03.007"
"33503839","Magnesium Signaling in Plants","Kleczkowski LA, Igamberdiev AU.","Int J Mol Sci. 2021 Jan 25;22(3):1159. doi: 10.3390/ijms22031159.","Kleczkowski LA","Int J Mol Sci","2021","2021/01/28","PMC7865908","","10.3390/ijms22031159"
"21790996","Intramolecular electron transfer in laccases","Farver O, Wherland S, Koroleva O, Loginov DS, Pecht I.","FEBS J. 2011 Sep;278(18):3463-71. doi: 10.1111/j.1742-4658.2011.08268.x. Epub 2011 Aug 31.","Farver O","FEBS J","2011","2011/07/28","","","10.1111/j.1742-4658.2011.08268.x"
"31922165","Dimerization of LOV domains of Rhodobacter sphaeroides (RsLOV) studied with FRET and stopped-flow experiments","Magerl K , Dick B .","Photochem Photobiol Sci. 2020 Feb 19;19(2):159-170. doi: 10.1039/c9pp00424f.","Magerl K","Photochem Photobiol Sci","2020","2020/01/11","","","10.1039/c9pp00424f"
"30653526","The influence of truncating the carboxy-terminal amino acid residues of streptococcal enolase on its ability to interact with canine plasminogen","Deshmukh SS, Kornblatt MJ, Kornblatt JA.","PLoS One. 2019 Jan 17;14(1):e0206338. doi: 10.1371/journal.pone.0206338. eCollection 2019.","Deshmukh SS","PLoS One","2019","2019/01/18","PMC6336276","","10.1371/journal.pone.0206338"
"33135883","Impact of Cholesterol Concentration and Lipid Phase on Structure and Fluctuation of Amyloid Precursor Protein","Pantelopulos GA, Panahi A, Straub JE.","J Phys Chem B. 2020 Nov 12;124(45):10173-10185. doi: 10.1021/acs.jpcb.0c07615. Epub 2020 Nov 2.","Pantelopulos GA","J Phys Chem B","2020","2020/11/02","PMC7958706","NIHMS1668532","10.1021/acs.jpcb.0c07615"
"27229515","Cyanide binding to ferrous and ferric microperoxidase-11","Ascenzi P, Sbardella D, Santucci R, Coletta M.","J Biol Inorg Chem. 2016 Jul;21(4):511-22. doi: 10.1007/s00775-016-1361-z. Epub 2016 May 26.","Ascenzi P","J Biol Inorg Chem","2016","2016/05/28","","","10.1007/s00775-016-1361-z"
"28369071","The promiscuous enzyme medium-chain 3-keto-acyl-CoA thiolase triggers a vicious cycle in fatty-acid beta-oxidation","Martines AMF, van Eunen K, Reijngoud DJ, Bakker BM.","PLoS Comput Biol. 2017 Apr 3;13(4):e1005461. doi: 10.1371/journal.pcbi.1005461. eCollection 2017 Apr.","Martines AMF","PLoS Comput Biol","2017","2017/04/04","PMC5397069","","10.1371/journal.pcbi.1005461"
"17502625","A solution NMR study showing that active site ligands and nucleotides directly perturb the allosteric equilibrium in aspartate transcarbamoylase","Velyvis A, Yang YR, Schachman HK, Kay LE.","Proc Natl Acad Sci U S A. 2007 May 22;104(21):8815-20. doi: 10.1073/pnas.0703347104. Epub 2007 May 14.","Velyvis A","Proc Natl Acad Sci U S A","2007","2007/05/16","PMC1885585","","10.1073/pnas.0703347104"
"23134486","Regulation of glycogen synthase from mammalian skeletal muscle--a unifying view of allosteric and covalent regulation","Palm DC, Rohwer JM, Hofmeyr JH.","FEBS J. 2013 Jan;280(1):2-27. doi: 10.1111/febs.12059. Epub 2012 Dec 6.","Palm DC","FEBS J","2013","2012/11/09","","","10.1111/febs.12059"
"27041481","Identification of Spongionella compounds as cyclosporine A mimics","Sánchez JA, Alfonso A, Leirós M, Alonso E, Rateb ME, Jaspars M, Houssen WE, Ebel R, Tabudravu J, Botana LM.","Pharmacol Res. 2016 May;107:407-414. doi: 10.1016/j.phrs.2016.03.029. Epub 2016 Apr 1.","Sánchez JA","Pharmacol Res","2016","2016/04/05","","","10.1016/j.phrs.2016.03.029"
"24251119","Intracellular glutathione pools are heterogeneously concentrated","Montero D, Tachibana C, Rahr Winther J, Appenzeller-Herzog C.","Redox Biol. 2013 Oct 28;1(1):508-13. doi: 10.1016/j.redox.2013.10.005. eCollection 2013.","Montero D","Redox Biol","2013","2013/11/20","PMC3830055","","10.1016/j.redox.2013.10.005"
"26744125","Asymmetric Rhodamine-Based Fluorescent Probe for Multicolour In Vivo Imaging","Iwatate RJ, Kamiya M, Urano Y.","Chemistry. 2016 Jan 26;22(5):1696-703. doi: 10.1002/chem.201503426. Epub 2016 Jan 7.","Iwatate RJ","Chemistry","2016","2016/01/09","","","10.1002/chem.201503426"
"30396392","Evaluation of angiotensin converting enzyme inhibitors by SPR biosensor and theoretical studies","Salehabadi H, Khajeh K, Dabirmanesh B, Biglar M, Amanlou M.","Enzyme Microb Technol. 2019 Jan;120:117-123. doi: 10.1016/j.enzmictec.2018.10.010. Epub 2018 Oct 23.","Salehabadi H","Enzyme Microb Technol","2019","2018/11/07","","","10.1016/j.enzmictec.2018.10.010"
"20429582","The human estrogen sulfotransferase: a half-site reactive enzyme","Sun M, Leyh TS.","Biochemistry. 2010 Jun 15;49(23):4779-85. doi: 10.1021/bi902190r.","Sun M","Biochemistry","2010","2010/05/01","PMC2913251","NIHMS208216","10.1021/bi902190r"
"31923382","Measuring the affinity of protein-protein interactions on a single-molecule level by mass photometry","Wu D, Piszczek G.","Anal Biochem. 2020 Mar 1;592:113575. doi: 10.1016/j.ab.2020.113575. Epub 2020 Jan 7.","Wu D","Anal Biochem","2020","2020/01/11","PMC7069342","NIHMS1553278","10.1016/j.ab.2020.113575"
"21368150","Rewiring hydrogenase-dependent redox circuits in cyanobacteria","Ducat DC, Sachdeva G, Silver PA.","Proc Natl Acad Sci U S A. 2011 Mar 8;108(10):3941-6. doi: 10.1073/pnas.1016026108. Epub 2011 Feb 22.","Ducat DC","Proc Natl Acad Sci U S A","2011","2011/03/04","PMC3053959","","10.1073/pnas.1016026108"
"22963267","Modulation of a pre-existing conformational equilibrium tunes adenylate kinase activity","Ådén J, Verma A, Schug A, Wolf-Watz M.","J Am Chem Soc. 2012 Oct 10;134(40):16562-70. doi: 10.1021/ja3032482. Epub 2012 Sep 25.","Ådén J","J Am Chem Soc","2012","2012/09/12","","","10.1021/ja3032482"
"28758334","(31) P NMR of the pyruvate kinase reaction: An undergraduate experiment in enzyme kinetics","Werner RM, Johnson A.","Biochem Mol Biol Educ. 2017 Nov;45(6):509-514. doi: 10.1002/bmb.21079. Epub 2017 Jul 30.","Werner RM","Biochem Mol Biol Educ","2017","2017/08/01","","","10.1002/bmb.21079"
"31607126","Insight into the Adsorption-Interaction Mechanism of Cr(VI) at the Silica Adsorbent Surface by Evanescent Wave Measurement","Xiong Y, Chen J, Duan M, Li X, Li J, Zhang C, Fang S, Liu R, Zhang R.","Langmuir. 2019 Nov 12;35(45):14414-14427. doi: 10.1021/acs.langmuir.9b01556. Epub 2019 Oct 29.","Xiong Y","Langmuir","2019","2019/10/15","","","10.1021/acs.langmuir.9b01556"
"18235971","Properties of serine:glyoxylate aminotransferase purified from Arabidopsis thaliana leaves","Kendziorek M, Paszkowski A.","Acta Biochim Biophys Sin (Shanghai). 2008 Feb;40(2):102-10. doi: 10.1111/j.1745-7270.2008.00383.x.","Kendziorek M","Acta Biochim Biophys Sin (Shanghai)","2008","2008/02/01","","","10.1111/j.1745-7270.2008.00383.x"
"25722002","Distinct physiological strategies are used to cope with constant hypoxia and intermittent hypoxia in killifish (Fundulus heteroclitus)","Borowiec BG, Darcy KL, Gillette DM, Scott GR.","J Exp Biol. 2015 Apr 15;218(Pt 8):1198-211. doi: 10.1242/jeb.114579. Epub 2015 Feb 26.","Borowiec BG","J Exp Biol","2015","2015/02/28","","","10.1242/jeb.114579"
"18061334","Rapid-equilibrium rate equations for the enzymatic catalysis of A+B=P+Q over a range of pH","Alberty RA.","Biophys Chem. 2008 Feb;132(2-3):114-26. doi: 10.1016/j.bpc.2007.10.015. Epub 2007 Nov 12.","Alberty RA","Biophys Chem","2008","2007/12/07","PMC2239239","NIHMS37007","10.1016/j.bpc.2007.10.015"
"23050654","Temperature invariance of the nitrogenase electron transfer mechanism","Mayweather D, Danyal K, Dean DR, Seefeldt LC, Hoffman BM.","Biochemistry. 2012 Oct 23;51(42):8391-8. doi: 10.1021/bi301164j. Epub 2012 Oct 10.","Mayweather D","Biochemistry","2012","2012/10/12","PMC3487593","NIHMS414199","10.1021/bi301164j"
"23472887","Compensating effects of urea and trimethylamine-N-oxide on the heteroassociation of α-chymotrypsin and soybean trypsin inhibitor","Wu D, Minton AP.","J Phys Chem B. 2013 Apr 4;117(13):3554-9. doi: 10.1021/jp4006923. Epub 2013 Mar 25.","Wu D","J Phys Chem B","2013","2013/03/12","PMC4185429","NIHMS625294","10.1021/jp4006923"
"23434549","Molecular inhibitory mechanism of tricin on tyrosinase","Mu Y, Li L, Hu SQ.","Spectrochim Acta A Mol Biomol Spectrosc. 2013 Apr 15;107:235-40. doi: 10.1016/j.saa.2013.01.058. Epub 2013 Feb 1.","Mu Y","Spectrochim Acta A Mol Biomol Spectrosc","2013","2013/02/26","","","10.1016/j.saa.2013.01.058"
"29542746","The mechanism of catalase loading into porous vaterite CaCO(3) crystals by co-synthesis","Vikulina AS , Feoktistova NA , Balabushevich NG , Skirtach AG , Volodkin D .","Phys Chem Chem Phys. 2018 Mar 28;20(13):8822-8831. doi: 10.1039/c7cp07836f.","Vikulina AS","Phys Chem Chem Phys","2018","2018/03/16","","","10.1039/c7cp07836f"
"28223517","Heart failure drug changes the mechanoenzymology of the cardiac myosin powerstroke","Rohde JA, Thomas DD, Muretta JM.","Proc Natl Acad Sci U S A. 2017 Mar 7;114(10):E1796-E1804. doi: 10.1073/pnas.1611698114. Epub 2017 Feb 21.","Rohde JA","Proc Natl Acad Sci U S A","2017","2017/02/23","PMC5347578","","10.1073/pnas.1611698114"
"20130995","Equilibrium or disequilibrium? A dual-wavelength investigation of photosystem I donors","Oja V, Eichelmann H, Anijalg A, Rämma H, Laisk A.","Photosynth Res. 2010 Mar;103(3):153-66. doi: 10.1007/s11120-010-9534-z. Epub 2010 Feb 4.","Oja V","Photosynth Res","2010","2010/02/05","","","10.1007/s11120-010-9534-z"
"17690466","Enzymatic characterization of 5-methylthioribose 1-phosphate isomerase from Bacillus subtilis","Saito Y, Ashida H, Kojima C, Tamura H, Matsumura H, Kai Y, Yokota A.","Biosci Biotechnol Biochem. 2007 Aug;71(8):2021-8. doi: 10.1271/bbb.70209. Epub 2007 Aug 7.","Saito Y","Biosci Biotechnol Biochem","2007","2007/08/11","","","10.1271/bbb.70209"
"23896299","Protein:protein interactions in control of a transcriptional switch","Adikaram PR, Beckett D.","J Mol Biol. 2013 Nov 15;425(22):4584-94. doi: 10.1016/j.jmb.2013.07.029. Epub 2013 Jul 26.","Adikaram PR","J Mol Biol","2013","2013/07/31","PMC3964883","NIHMS518071","10.1016/j.jmb.2013.07.029"
"26435390","Estimation of the driving force for dioxygen formation in photosynthesis","Nilsson H, Cournac L, Rappaport F, Messinger J, Lavergne J.","Biochim Biophys Acta. 2016 Jan;1857(1):23-33. doi: 10.1016/j.bbabio.2015.09.011. Epub 2015 Oct 3.","Nilsson H","Biochim Biophys Acta","2016","2015/10/06","","","10.1016/j.bbabio.2015.09.011"
"28701465","The yeast kinesin-5 Cin8 interacts with the microtubule in a noncanonical manner","Bell KM, Cha HK, Sindelar CV, Cochran JC.","J Biol Chem. 2017 Sep 1;292(35):14680-14694. doi: 10.1074/jbc.M117.797662. Epub 2017 Jul 12.","Bell KM","J Biol Chem","2017","2017/07/14","PMC5582858","","10.1074/jbc.M117.797662"
"28094527","Binding and Inhibitory Effect of the Dyes Amaranth and Tartrazine on Amyloid Fibrillation in Lysozyme","Basu A, Suresh Kumar G.","J Phys Chem B. 2017 Feb 16;121(6):1222-1239. doi: 10.1021/acs.jpcb.6b10465. Epub 2017 Feb 3.","Basu A","J Phys Chem B","2017","2017/01/18","","","10.1021/acs.jpcb.6b10465"
"29851233","Evolution for extreme living: variation in mitochondrial cytochrome c oxidase genes correlated with elevation in pikas (genus Ochotona)","Solari KA, Hadly EA.","Integr Zool. 2018 Sep;13(5):517-535. doi: 10.1111/1749-4877.12332.","Solari KA","Integr Zool","2018","2018/06/01","","","10.1111/1749-4877.12332"
"27793292","Measuring Membrane Protein Dimerization Equilibrium in Lipid Bilayers by Single-Molecule Fluorescence Microscopy","Chadda R, Robertson JL.","Methods Enzymol. 2016;581:53-82. doi: 10.1016/bs.mie.2016.08.025. Epub 2016 Oct 11.","Chadda R","Methods Enzymol","2016","2016/10/30","PMC5568537","NIHMS884346","10.1016/bs.mie.2016.08.025"
"23030313","Revisiting zinc coordination in human carbonic anhydrase II","Song H, Wilson DL, Farquhar ER, Lewis EA, Emerson JP.","Inorg Chem. 2012 Oct 15;51(20):11098-105. doi: 10.1021/ic301645j. Epub 2012 Oct 3.","Song H","Inorg Chem","2012","2012/10/04","PMC4066895","NIHMS552512","10.1021/ic301645j"
"28401968","Tight binding of heme to Staphylococcus aureus IsdG and IsdI precludes design of a competitive inhibitor","Conger MA, Pokhrel D, Liptak MD.","Metallomics. 2017 May 24;9(5):556-563. doi: 10.1039/c7mt00035a.","Conger MA","Metallomics","2017","2017/04/13","PMC5510889","NIHMS867837","10.1039/c7mt00035a"
"25426863","Effects of pH on the association between the inhibitor cystatin and the proteinase chymopapain","Reyes-Espinosa F, Arroyo-Reyna A, Garcia-Gutierrez P, Serratos IN, Zubillaga RA.","Protein Pept Lett. 2014;22(3):239-47. doi: 10.2174/0929866522666141126162839.","Reyes-Espinosa F","Protein Pept Lett","2014","2014/11/27","","","10.2174/0929866522666141126162839"
"18350161","Detailed enzyme kinetics in terms of biochemical species: study of citrate synthase","Beard DA, Vinnakota KC, Wu F.","PLoS One. 2008 Mar 19;3(3):e1825. doi: 10.1371/journal.pone.0001825.","Beard DA","PLoS One","2008","2008/03/20","PMC2266798","","10.1371/journal.pone.0001825"
"22383182","Experimental determination of thermodynamic equilibrium in biocatalytic transamination","Tufvesson P, Jensen JS, Kroutil W, Woodley JM.","Biotechnol Bioeng. 2012 Aug;109(8):2159-62. doi: 10.1002/bit.24472. Epub 2012 Mar 2.","Tufvesson P","Biotechnol Bioeng","2012","2012/03/03","","","10.1002/bit.24472"
"17011697","Changes in binding of hydrogen ions in enzyme-catalyzed reactions","Alberty RA.","Biophys Chem. 2007 Feb;125(2-3):328-33. doi: 10.1016/j.bpc.2006.09.007. Epub 2006 Oct 2.","Alberty RA","Biophys Chem","2007","2006/10/03","PMC1993237","NIHMS17610","10.1016/j.bpc.2006.09.007"
"25665568","Using solutes and kinetics to probe large conformational changes in the steps of transcription initiation","Ruff EF, Kontur WS, Record MT Jr.","Methods Mol Biol. 2015;1276:241-61. doi: 10.1007/978-1-4939-2392-2_14.","Ruff EF","Methods Mol Biol","2015","2015/02/11","PMC4324510","NIHMS583790","10.1007/978-1-4939-2392-2_14"
"18564867","Kinetics of adsorption and proteolytic cleavage of a multilayer ovalbumin film by subtilisin Carlsberg","Foose LL, Blanch HW, Radke CJ.","Langmuir. 2008 Jul 15;24(14):7388-93. doi: 10.1021/la8007014. Epub 2008 Jun 20.","Foose LL","Langmuir","2008","2008/06/21","","","10.1021/la8007014"
"21396746","Discovery of a potent peptidic cyclophilin A inhibitor Trp-Gly-Pro","Pang X, Zhang M, Zhou L, Xie F, Lu H, He W, Jiang S, Yu L, Zhang X.","Eur J Med Chem. 2011 May;46(5):1701-5. doi: 10.1016/j.ejmech.2011.02.023. Epub 2011 Feb 22.","Pang X","Eur J Med Chem","2011","2011/03/15","","","10.1016/j.ejmech.2011.02.023"
"24338017","Pyruvate formate-lyase and its activation by pyruvate formate-lyase activating enzyme","Crain AV, Broderick JB.","J Biol Chem. 2014 Feb 28;289(9):5723-9. doi: 10.1074/jbc.M113.496877. Epub 2013 Dec 12.","Crain AV","J Biol Chem","2014","2013/12/17","PMC3937645","","10.1074/jbc.M113.496877"
"28739781","Structural Insights into the TLA-3 Extended-Spectrum β-Lactamase and Its Inhibition by Avibactam and OP0595","Jin W, Wachino JI, Yamaguchi Y, Kimura K, Kumar A, Yamada M, Morinaka A, Sakamaki Y, Yonezawa M, Kurosaki H, Arakawa Y.","Antimicrob Agents Chemother. 2017 Sep 22;61(10):e00501-17. doi: 10.1128/AAC.00501-17. Print 2017 Oct.","Jin W","Antimicrob Agents Chemother","2017","2017/07/26","PMC5610492","","10.1128/AAC.00501-17"
"28587929","A shear-enhanced CNT-assembly nanosensor platform for ultra-sensitive and selective protein detection","Li D, Wang C, Sun G, Senapati S, Chang HC.","Biosens Bioelectron. 2017 Nov 15;97:143-149. doi: 10.1016/j.bios.2017.05.053. Epub 2017 May 31.","Li D","Biosens Bioelectron","2017","2017/06/08","","","10.1016/j.bios.2017.05.053"
"21212272","The kinetic mechanism of mouse myosin VIIA","Haithcock J, Billington N, Choi K, Fordham J, Sellers JR, Stafford WF, White H, Forgacs E.","J Biol Chem. 2011 Mar 18;286(11):8819-28. doi: 10.1074/jbc.M110.163592. Epub 2011 Jan 6.","Haithcock J","J Biol Chem","2011","2011/01/08","PMC3059067","","10.1074/jbc.M110.163592"
"22812629","Proton transfer from C-6 of uridine 5'-monophosphate catalyzed by orotidine 5'-monophosphate decarboxylase: formation and stability of a vinyl carbanion intermediate and the effect of a 5-fluoro substituent","Tsang WY, Wood BM, Wong FM, Wu W, Gerlt JA, Amyes TL, Richard JP.","J Am Chem Soc. 2012 Sep 5;134(35):14580-94. doi: 10.1021/ja3058474. Epub 2012 Aug 21.","Tsang WY","J Am Chem Soc","2012","2012/07/21","PMC3434256","NIHMS396457","10.1021/ja3058474"
"19819904","Structure and reaction mechanism of human nicotinamide phosphoribosyltransferase","Takahashi R, Nakamura S, Nakazawa T, Minoura K, Yoshida T, Nishi Y, Kobayashi Y, Ohkubo T.","J Biochem. 2010 Jan;147(1):95-107. doi: 10.1093/jb/mvp152. Epub 2009 Oct 9.","Takahashi R","J Biochem","2010","2009/10/13","","","10.1093/jb/mvp152"
"28405665","Expanding the substrate scope of phenylalanine ammonia-lyase from Petroselinum crispum towards styrylalanines","Bencze LC, Filip A, Bánóczi G, Toşa MI, Irimie FD, Gellért Á, Poppe L, Paizs C.","Org Biomol Chem. 2017 May 3;15(17):3717-3727. doi: 10.1039/c7ob00562h.","Bencze LC","Org Biomol Chem","2017","2017/04/14","","","10.1039/c7ob00562h"
"22912433","UDP-glucuronic acid binds first and the aglycone substrate binds second to form a ternary complex in UGT1A9-catalyzed reactions, in both the presence and absence of bovine serum albumin","Manevski N, Yli-Kauhaluoma J, Finel M.","Drug Metab Dispos. 2012 Nov;40(11):2192-203. doi: 10.1124/dmd.112.047746. Epub 2012 Aug 21.","Manevski N","Drug Metab Dispos","2012","2012/08/23","","","10.1124/dmd.112.047746"
"26483483","Theory for rates, equilibrium constants, and Brønsted slopes in F1-ATPase single molecule imaging experiments","Volkán-Kacsó S, Marcus RA.","Proc Natl Acad Sci U S A. 2015 Nov 17;112(46):14230-5. doi: 10.1073/pnas.1518489112. Epub 2015 Oct 19.","Volkán-Kacsó S","Proc Natl Acad Sci U S A","2015","2015/10/21","PMC4655567","","10.1073/pnas.1518489112"
"20816989","Carboxyl pK(a) values and acid denaturation of BBL","Arbely E, Rutherford TJ, Neuweiler H, Sharpe TD, Ferguson N, Fersht AR.","J Mol Biol. 2010 Oct 22;403(2):313-27. doi: 10.1016/j.jmb.2010.08.052. Epub 2010 Sep 15.","Arbely E","J Mol Biol","2010","2010/09/07","","","10.1016/j.jmb.2010.08.052"
"28095447","Identification and Characterization of Single-Chain Antibodies that Specifically Bind GI Noroviruses","Hurwitz AM, Huang W, Kou B, Estes MK, Atmar RL, Palzkill T.","PLoS One. 2017 Jan 17;12(1):e0170162. doi: 10.1371/journal.pone.0170162. eCollection 2017.","Hurwitz AM","PLoS One","2017","2017/01/18","PMC5240998","","10.1371/journal.pone.0170162"
"28348157","Exploring the Landscape of Diazabicyclooctane (DBO) Inhibition: Avibactam Inactivation of PER-2 β-Lactamase","Ruggiero M, Papp-Wallace KM, Taracila MA, Mojica MF, Bethel CR, Rudin SD, Zeiser ET, Gutkind G, Bonomo RA, Power P.","Antimicrob Agents Chemother. 2017 May 24;61(6):e02476-16. doi: 10.1128/AAC.02476-16. Print 2017 Jun.","Ruggiero M","Antimicrob Agents Chemother","2017","2017/03/29","PMC5444126","","10.1128/AAC.02476-16"
"23482561","Kinetics of endophilin N-BAR domain dimerization and membrane interactions","Capraro BR, Shi Z, Wu T, Chen Z, Dunn JM, Rhoades E, Baumgart T.","J Biol Chem. 2013 May 3;288(18):12533-43. doi: 10.1074/jbc.M112.435511. Epub 2013 Mar 12.","Capraro BR","J Biol Chem","2013","2013/03/14","PMC3642301","","10.1074/jbc.M112.435511"
"24415551","Modeling of salt and pH gradient elution in ion-exchange chromatography","Schmidt M, Hafner M, Frech C.","J Sep Sci. 2014 Jan;37(1-2):5-13. doi: 10.1002/jssc.201301007.","Schmidt M","J Sep Sci","2014","2014/01/14","","","10.1002/jssc.201301007"
"28467684","Cardiac contractility, motor function, and cross-bridge kinetics in N47K-RLC mutant mice","Wang L, Kazmierczak K, Yuan CC, Yadav S, Kawai M, Szczesna-Cordary D.","FEBS J. 2017 Jun;284(12):1897-1913. doi: 10.1111/febs.14096. Epub 2017 May 25.","Wang L","FEBS J","2017","2017/05/04","PMC5490660","NIHMS872830","10.1111/febs.14096"
"23565679","Measuring and modeling the kinetics of individual DNA-DNA polymerase complexes on a nanopore","Wang H, Hurt N, Dunbar WB.","ACS Nano. 2013 May 28;7(5):3876-86. doi: 10.1021/nn401180j. Epub 2013 Apr 16.","Wang H","ACS Nano","2013","2013/04/10","PMC3682681","NIHMS468640","10.1021/nn401180j"
"22257086","The membrane modulates internal proton transfer in cytochrome c oxidase","Öjemyr LN, von Ballmoos C, Faxén K, Svahn E, Brzezinski P.","Biochemistry. 2012 Feb 14;51(6):1092-100. doi: 10.1021/bi201795c. Epub 2012 Feb 1.","Öjemyr LN","Biochemistry","2012","2012/01/20","","","10.1021/bi201795c"
"19232524","Molecular determinants of a native-state prolyl isomerization","Jakob RP, Schmid FX.","J Mol Biol. 2009 Apr 10;387(4):1017-31. doi: 10.1016/j.jmb.2009.02.021. Epub 2009 Feb 20.","Jakob RP","J Mol Biol","2009","2009/02/24","","","10.1016/j.jmb.2009.02.021"
"28427865","Dynamics and energetics of cyanobacterial photosystem I:ferredoxin complexes in different redox states","Sétif P, Mutoh R, Kurisu G.","Biochim Biophys Acta Bioenerg. 2017 Jul;1858(7):483-496. doi: 10.1016/j.bbabio.2017.04.001. Epub 2017 Apr 17.","Sétif P","Biochim Biophys Acta Bioenerg","2017","2017/04/22","","","10.1016/j.bbabio.2017.04.001"
"21138249","Kinetic and chemical mechanism of the dihydrofolate reductase from Mycobacterium tuberculosis","Czekster CM, Vandemeulebroucke A, Blanchard JS.","Biochemistry. 2011 Jan 25;50(3):367-75. doi: 10.1021/bi1016843. Epub 2010 Dec 29.","Czekster CM","Biochemistry","2011","2010/12/09","PMC3074011","NIHMS257569","10.1021/bi1016843"
"17889423","Magnesium dependence of the measured equilibrium constants of aminoacyl-tRNA synthetases","Airas RK.","Biophys Chem. 2007 Dec;131(1-3):29-35. doi: 10.1016/j.bpc.2007.08.006. Epub 2007 Sep 4.","Airas RK","Biophys Chem","2007","2007/09/25","","","10.1016/j.bpc.2007.08.006"
"28747435","Search for DNA damage by human alkyladenine DNA glycosylase involves early intercalation by an aromatic residue","Hendershot JM, O'Brien PJ.","J Biol Chem. 2017 Sep 29;292(39):16070-16080. doi: 10.1074/jbc.M117.782813. Epub 2017 Jul 26.","Hendershot JM","J Biol Chem","2017","2017/07/28","PMC5625039","","10.1074/jbc.M117.782813"
"25603946","Construction of an antimyoglobin single-chain variable fragment with rapid reaction kinetics","Jang JH, Kim DH, Paek SH, Woo EJ, Kim YW.","Biotechnol Appl Biochem. 2016 Jan-Feb;63(1):22-30. doi: 10.1002/bab.1349. Epub 2015 Apr 28.","Jang JH","Biotechnol Appl Biochem","2016","2015/01/22","","","10.1002/bab.1349"
"30180543","Structural, Mechanistic, and Ultradilute Catalysis Portrayal of Substrate Inhibition in the TAML-Hydrogen Peroxide Catalytic Oxidation of the Persistent Drug and Micropollutant, Propranolol","Somasundar Y, Shen LQ, Hoane AG, Tang LL, Mills MR, Burton AE, Ryabov AD, Collins TJ.","J Am Chem Soc. 2018 Sep 26;140(38):12280-12289. doi: 10.1021/jacs.8b08108. Epub 2018 Sep 18.","Somasundar Y","J Am Chem Soc","2018","2018/09/06","","","10.1021/jacs.8b08108"
"20187656","Mechanism and specificity of DNA strand exchange catalyzed by vaccinia DNA topoisomerase type I","Stahley MR, Stivers JT.","Biochemistry. 2010 Apr 6;49(13):2786-95. doi: 10.1021/bi902204v.","Stahley MR","Biochemistry","2010","2010/03/02","PMC2847668","NIHMS184741","10.1021/bi902204v"
"24960074","Solvation of CO2 in water: effect of RuBP on CO2 concentration in bundle sheath of C4 plants","Sadhukhan T, Latif IA, Datta SN.","J Phys Chem B. 2014 Jul 24;118(29):8782-91. doi: 10.1021/jp505237s. Epub 2014 Jul 2.","Sadhukhan T","J Phys Chem B","2014","2014/06/25","","","10.1021/jp505237s"
"18061533","Fluorimetric study of interaction of merbromin with trypsin","Banerjee D, Das PK, Singha H, Bagchi S.","Spectrochim Acta A Mol Biomol Spectrosc. 2008 Oct;70(5):1109-13. doi: 10.1016/j.saa.2007.10.019. Epub 2007 Oct 23.","Banerjee D","Spectrochim Acta A Mol Biomol Spectrosc","2008","2007/12/07","","","10.1016/j.saa.2007.10.019"
"20367611","Thermodynamic analysis of protein kinase A Ialpha activation","Rogacheva ON, Popov AV, Savvateeva-Popova EV, Stefanov VE, Shchegolev BF.","Biochemistry (Mosc). 2010 Feb;75(2):233-41. doi: 10.1134/s0006297910020148.","Rogacheva ON","Biochemistry (Mosc)","2010","2010/04/07","","","10.1134/s0006297910020148"
"27485813","Characterization of nanobodies binding human fibrinogen selected by E. coli display","Salema V, López-Guajardo A, Gutierrez C, Mencía M, Fernández LÁ.","J Biotechnol. 2016 Sep 20;234:58-65. doi: 10.1016/j.jbiotec.2016.07.025. Epub 2016 Jul 30.","Salema V","J Biotechnol","2016","2016/08/04","","","10.1016/j.jbiotec.2016.07.025"
"25680381","Omecamtiv Mecarbil modulates the kinetic and motile properties of porcine β-cardiac myosin","Liu Y, White HD, Belknap B, Winkelmann DA, Forgacs E.","Biochemistry. 2015 Mar 17;54(10):1963-75. doi: 10.1021/bi5015166. Epub 2015 Mar 4.","Liu Y","Biochemistry","2015","2015/02/15","","","10.1021/bi5015166"
"25365737","Interactions of urea with native and unfolded proteins: a volumetric study","Son I, Shek YL, Tikhomirova A, Baltasar EH, Chalikian TV.","J Phys Chem B. 2014 Nov 26;118(47):13554-63. doi: 10.1021/jp509356k. Epub 2014 Nov 17.","Son I","J Phys Chem B","2014","2014/11/04","","","10.1021/jp509356k"
"27933780","Volumetrically Derived Thermodynamic Profile of Interactions of Urea with a Native Protein","Son I, Chalikian TV.","Biochemistry. 2016 Nov 29;55(47):6475-6483. doi: 10.1021/acs.biochem.6b00805. Epub 2016 Nov 15.","Son I","Biochemistry","2016","2016/12/10","","","10.1021/acs.biochem.6b00805"
"26555188","Structural basis for an atypical active site of an L-aspartate/glutamate-specific racemase from Escherichia coli","Ahn JW, Chang JH, Kim KJ.","FEBS Lett. 2015 Dec 21;589(24 Pt B):3842-7. doi: 10.1016/j.febslet.2015.11.003. Epub 2015 Nov 7.","Ahn JW","FEBS Lett","2015","2015/11/12","","","10.1016/j.febslet.2015.11.003"
"21062060","The Cys319 loop modulates the transition between dehydrogenase and hydrolase conformations in inosine 5'-monophosphate dehydrogenase","Josephine HR, Ravichandran KR, Hedstrom L.","Biochemistry. 2010 Dec 21;49(50):10674-81. doi: 10.1021/bi101590c. Epub 2010 Nov 23.","Josephine HR","Biochemistry","2010","2010/11/11","PMC3005847","NIHMS251940","10.1021/bi101590c"
"23831517","A model for the proteolytic regulation of LpxC in the lipopolysaccharide pathway of Escherichia coli","Emiola A, Falcarin P, Tocher J, George J.","Comput Biol Chem. 2013 Dec;47:1-7. doi: 10.1016/j.compbiolchem.2013.06.001. Epub 2013 Jun 14.","Emiola A","Comput Biol Chem","2013","2013/07/09","","","10.1016/j.compbiolchem.2013.06.001"
"26645466","Genetics, Transcriptional Profiles, and Catalytic Properties of the UDP-Arabinose Mutase Family from Barley","Hsieh YS, Zhang Q, Yap K, Shirley NJ, Lahnstein J, Nelson CJ, Burton RA, Millar AH, Bulone V, Fincher GB.","Biochemistry. 2016 Jan 19;55(2):322-34. doi: 10.1021/acs.biochem.5b01055. Epub 2016 Jan 6.","Hsieh YS","Biochemistry","2016","2015/12/10","","","10.1021/acs.biochem.5b01055"
"19177560","Investigating protein unfolding kinetics by pulse proteolysis","Na YR, Park C.","Protein Sci. 2009 Feb;18(2):268-76. doi: 10.1002/pro.29.","Na YR","Protein Sci","2009","2009/01/30","PMC2708051","","10.1002/pro.29"
"29046353","A mechanistic model to predict effects of cathepsin B and cystatin C on β-amyloid aggregation and degradation","Perlenfein TJ, Murphy RM.","J Biol Chem. 2017 Dec 22;292(51):21071-21082. doi: 10.1074/jbc.M117.811448. Epub 2017 Oct 18.","Perlenfein TJ","J Biol Chem","2017","2017/10/20","PMC5743080","","10.1074/jbc.M117.811448"
"19156321","Synthesis and use of isotope-labelled substrates for a mechanistic study on human alpha-methylacyl-CoA racemase 1A (AMACR; P504S)","Darley DJ, Butler DS, Prideaux SJ, Thornton TW, Wilson AD, Woodman TJ, Threadgill MD, Lloyd MD.","Org Biomol Chem. 2009 Feb 7;7(3):543-52. doi: 10.1039/b815396e. Epub 2008 Nov 28.","Darley DJ","Org Biomol Chem","2009","2009/01/22","","","10.1039/b815396e"
"24037275","Warfarin modulates the nitrite reductase activity of ferrous human serum heme-albumin","Ascenzi P, Tundo GR, Fanali G, Coletta M, Fasano M.","J Biol Inorg Chem. 2013 Dec;18(8):939-46. doi: 10.1007/s00775-013-1040-2. Epub 2013 Sep 15.","Ascenzi P","J Biol Inorg Chem","2013","2013/09/17","","","10.1007/s00775-013-1040-2"
"28063494","Studying Gastric Lipase Adsorption Onto Phospholipid Monolayers by Surface Tensiometry, Ellipsometry, and Atomic Force Microscopy","Bénarouche A, Sams L, Bourlieu C, Vié V, Point V, Cavalier JF, Carrière F.","Methods Enzymol. 2017;583:255-278. doi: 10.1016/bs.mie.2016.09.039. Epub 2016 Nov 14.","Bénarouche A","Methods Enzymol","2017","2017/01/09","","","10.1016/bs.mie.2016.09.039"
"21715082","In vivo tests of thermodynamic models of transcription repressor function","Tungtur S, Skinner H, Zhan H, Swint-Kruse L, Beckett D.","Biophys Chem. 2011 Nov;159(1):142-51. doi: 10.1016/j.bpc.2011.06.005. Epub 2011 Jun 15.","Tungtur S","Biophys Chem","2011","2011/07/01","PMC3166966","NIHMS305589","10.1016/j.bpc.2011.06.005"
"28454652","Selection, characterization, and application of DNA aptamers for detection of Mycobacterium tuberculosis secreted protein MPT64","Sypabekova M, Bekmurzayeva A, Wang R, Li Y, Nogues C, Kanayeva D.","Tuberculosis (Edinb). 2017 May;104:70-78. doi: 10.1016/j.tube.2017.03.004. Epub 2017 Mar 18.","Sypabekova M","Tuberculosis (Edinb)","2017","2017/04/30","","","10.1016/j.tube.2017.03.004"
"28064083","Identification of novel PAD4 inhibitors based on a pharmacophore model derived from transition state coordinates","Wei Y, Liu R, Liu C, Jin J, Li D, Lin J.","J Mol Graph Model. 2017 Mar;72:88-95. doi: 10.1016/j.jmgm.2016.11.016. Epub 2016 Dec 19.","Wei Y","J Mol Graph Model","2017","2017/01/09","","","10.1016/j.jmgm.2016.11.016"
"23335564","Characterization of the yeast actin patch protein App1p phosphatidate phosphatase","Chae M, Carman GM.","J Biol Chem. 2013 Mar 1;288(9):6427-37. doi: 10.1074/jbc.M112.449629. Epub 2013 Jan 20.","Chae M","J Biol Chem","2013","2013/01/22","PMC3585077","","10.1074/jbc.M112.449629"
"22750542","The enzymology of alanine aminotransferase (AlaAT) isoforms from Hordeum vulgare and other organisms, and the HvAlaAT crystal structure","Duff SM, Rydel TJ, McClerren AL, Zhang W, Li JY, Sturman EJ, Halls C, Chen S, Zeng J, Peng J, Kretzler CN, Evdokimov A.","Arch Biochem Biophys. 2012 Dec 1;528(1):90-101. doi: 10.1016/j.abb.2012.06.006. Epub 2012 Jun 29.","Duff SM","Arch Biochem Biophys","2012","2012/07/04","","","10.1016/j.abb.2012.06.006"
"26329849","Stability engineering of the Geobacillus stearothermophilus alcohol dehydrogenase and application for the synthesis of a polyamide 12 precursor","Kirmair L, Seiler DL, Skerra A.","Appl Microbiol Biotechnol. 2015 Dec;99(24):10501-13. doi: 10.1007/s00253-015-6930-5. Epub 2015 Sep 2.","Kirmair L","Appl Microbiol Biotechnol","2015","2015/09/03","","","10.1007/s00253-015-6930-5"
"24969400","Cardiolipin modulates allosterically the nitrite reductase activity of horse heart cytochrome c","Ascenzi P, Marino M, Polticelli F, Santucci R, Coletta M.","J Biol Inorg Chem. 2014 Oct;19(7):1195-201. doi: 10.1007/s00775-014-1175-9. Epub 2014 Jun 27.","Ascenzi P","J Biol Inorg Chem","2014","2014/06/28","","","10.1007/s00775-014-1175-9"
"27016912","Development of a label-free SPR sensor for detection of matrixmetalloproteinase-9 by antibody immobilization on carboxymethyldextran chip","Mohseni S, Moghadam TT, Dabirmanesh B, Jabbari S, Khajeh K.","Biosens Bioelectron. 2016 Jul 15;81:510-516. doi: 10.1016/j.bios.2016.03.038. Epub 2016 Mar 19.","Mohseni S","Biosens Bioelectron","2016","2016/03/28","","","10.1016/j.bios.2016.03.038"
"22451276","Design of a highly potent inhibitory peptide acting as a competitive inhibitor of HMG-CoA reductase","Pak VV, Koo M, Kwon DY, Yun L.","Amino Acids. 2012 Nov;43(5):2015-25. doi: 10.1007/s00726-012-1276-0. Epub 2012 Mar 27.","Pak VV","Amino Acids","2012","2012/03/28","","","10.1007/s00726-012-1276-0"
"28445763","Myosin Rod Hypophosphorylation and CB Kinetics in Papillary Muscles from a TnC-A8V KI Mouse Model","Kawai M, Johnston JR, Karam T, Wang L, Singh RK, Pinto JR.","Biophys J. 2017 Apr 25;112(8):1726-1736. doi: 10.1016/j.bpj.2017.02.045.","Kawai M","Biophys J","2017","2017/04/27","PMC5406373","","10.1016/j.bpj.2017.02.045"
"18354785","Comprehensive analysis of the metabolome of Pseudomonas putida S12 grown on different carbon sources","van der Werf MJ, Overkamp KM, Muilwijk B, Koek MM, van der Werff-van der Vat BJ, Jellema RH, Coulier L, Hankemeier T.","Mol Biosyst. 2008 Apr;4(4):315-27. doi: 10.1039/b717340g. Epub 2008 Feb 29.","van der Werf MJ","Mol Biosyst","2008","2008/03/21","","","10.1039/b717340g"
"25561060","Production of fumaric acid from L-malic acid by solvent engineering using a recombinant thermostable fumarase from Thermus thermophilus HB8","Liu Y, Song J, Tan T, Liu L.","Appl Biochem Biotechnol. 2015 Mar;175(6):2823-31. doi: 10.1007/s12010-014-1468-z. Epub 2015 Jan 6.","Liu Y","Appl Biochem Biotechnol","2015","2015/01/07","","","10.1007/s12010-014-1468-z"
"22552276","Substrate kinetics and substrate effects on the quaternary structure of barley UDP-glucose pyrophosphorylase","Decker D, Meng M, Gornicka A, Hofer A, Wilczynska M, Kleczkowski LA.","Phytochemistry. 2012 Jul;79:39-45. doi: 10.1016/j.phytochem.2012.04.002. Epub 2012 May 1.","Decker D","Phytochemistry","2012","2012/05/04","","","10.1016/j.phytochem.2012.04.002"
"19186984","Enthalpy-driven RNA folding: single-molecule thermodynamics of tetraloop-receptor tertiary interaction","Fiore JL, Kraemer B, Koberling F, Edmann R, Nesbitt DJ.","Biochemistry. 2009 Mar 24;48(11):2550-8. doi: 10.1021/bi8019788.","Fiore JL","Biochemistry","2009","2009/02/04","PMC2982772","NIHMS220239","10.1021/bi8019788"
"18416559","Overall kinetic mechanism of saccharopine dehydrogenase (L-glutamate forming) from Saccharomyces cerevisiae","Vashishtha AK, West AH, Cook PF.","Biochemistry. 2008 May 13;47(19):5417-23. doi: 10.1021/bi800086g. Epub 2008 Apr 17.","Vashishtha AK","Biochemistry","2008","2008/04/18","","","10.1021/bi800086g"
"22340433","Intrinsic DNA synthesis fidelity of xenotropic murine leukemia virus-related virus reverse transcriptase","Barrioluengo V, Wang Y, Le Grice SF, Menéndez-Arias L.","FEBS J. 2012 Apr;279(8):1433-44. doi: 10.1111/j.1742-4658.2012.08532.x. Epub 2012 Mar 16.","Barrioluengo V","FEBS J","2012","2012/02/21","PMC3323693","NIHMS358408","10.1111/j.1742-4658.2012.08532.x"
"27434160","Generating monomeric 5-coordinated microperoxidase-11 using carboxylic acid functionalized silver nanoparticles: A surface-enhanced resonance Raman scattering analysis","Kalaivani G, Sivanesan A, Kannan A, Sevvel R.","Colloids Surf B Biointerfaces. 2016 Oct 1;146:722-30. doi: 10.1016/j.colsurfb.2016.07.017. Epub 2016 Jul 7.","Kalaivani G","Colloids Surf B Biointerfaces","2016","2016/07/20","","","10.1016/j.colsurfb.2016.07.017"
"24915128","Surface plasmon resonance enhanced real-time photoelectrochemical protein sensing by gold nanoparticle-decorated TiO₂ nanowires","Da P, Li W, Lin X, Wang Y, Tang J, Zheng G.","Anal Chem. 2014 Jul 1;86(13):6633-9. doi: 10.1021/ac501406x. Epub 2014 Jun 10.","Da P","Anal Chem","2014","2014/06/11","","","10.1021/ac501406x"
"21684547","Influence of protein and stationary phase properties on protein-matrix-interaction in cation exchange chromatography","Urmann M, Hafner M, Frech C.","J Chromatogr A. 2011 Aug 5;1218(31):5136-45. doi: 10.1016/j.chroma.2011.05.085. Epub 2011 May 30.","Urmann M","J Chromatogr A","2011","2011/06/21","","","10.1016/j.chroma.2011.05.085"
"24733478","Efficiency of incorporation and chain termination determines the inhibition potency of 2'-modified nucleotide analogs against hepatitis C virus polymerase","Fung A, Jin Z, Dyatkina N, Wang G, Beigelman L, Deval J.","Antimicrob Agents Chemother. 2014 Jul;58(7):3636-45. doi: 10.1128/AAC.02666-14. Epub 2014 Apr 14.","Fung A","Antimicrob Agents Chemother","2014","2014/04/16","PMC4068585","","10.1128/AAC.02666-14"
"27942960","Comparison of elementary steps of the cross-bridge cycle in rat papillary muscle fibers expressing α- and β-myosin heavy chain with sinusoidal analysis","Kawai M, Karam TS, Michael JJ, Wang L, Chandra M.","J Muscle Res Cell Motil. 2016 Dec;37(6):203-214. doi: 10.1007/s10974-016-9456-2. Epub 2016 Dec 10.","Kawai M","J Muscle Res Cell Motil","2016","2016/12/13","","","10.1007/s10974-016-9456-2"
"17328559","Modeling of urea degradation in white and rosé wines by acid urease","Esti M, Fidaleo M, Moresi M, Tamborra P.","J Agric Food Chem. 2007 Apr 4;55(7):2590-6. doi: 10.1021/jf063719k. Epub 2007 Mar 1.","Esti M","J Agric Food Chem","2007","2007/03/03","","","10.1021/jf063719k"
"20866109","The effect of pH and free Mg2+ on ATP linked enzymes and the calculation of Gibbs free energy of ATP hydrolysis","Bergman C, Kashiwaya Y, Veech RL.","J Phys Chem B. 2010 Dec 16;114(49):16137-46. doi: 10.1021/jp105723r. Epub 2010 Sep 27.","Bergman C","J Phys Chem B","2010","2010/09/28","","","10.1021/jp105723r"
"24849819","Free energy landscape of lysozyme: multiple near-native conformational states and rollover in the urea dependence of folding energy","Yasin UM, Sashi P, Bhuyan AK.","J Phys Chem B. 2014 Jun 19;118(24):6662-9. doi: 10.1021/jp501879s. Epub 2014 Jun 5.","Yasin UM","J Phys Chem B","2014","2014/05/23","","","10.1021/jp501879s"
"22463759","Kinetic mechanism of initiation by RepD as a part of asymmetric, rolling circle plasmid unwinding","Arbore C, Lewis LM, Webb MR.","Biochemistry. 2012 May 1;51(17):3684-93. doi: 10.1021/bi300172p. Epub 2012 Apr 18.","Arbore C","Biochemistry","2012","2012/04/03","PMC3340939","","10.1021/bi300172p"
"19754426","Bifunctional cytosolic UDP-glucose 4-epimerases catalyse the interconversion between UDP-D-xylose and UDP-L-arabinose in plants","Kotake T, Takata R, Verma R, Takaba M, Yamaguchi D, Orita T, Kaneko S, Matsuoka K, Koyama T, Reiter WD, Tsumuraya Y.","Biochem J. 2009 Nov 11;424(2):169-77. doi: 10.1042/BJ20091025.","Kotake T","Biochem J","2009","2009/09/17","","","10.1042/BJ20091025"
"23052974","Cooperative regulation of myosin-S1 binding to actin filaments by a continuous flexible Tm-Tn chain","Mijailovich SM, Kayser-Herold O, Li X, Griffiths H, Geeves MA.","Eur Biophys J. 2012 Dec;41(12):1015-32. doi: 10.1007/s00249-012-0859-8. Epub 2012 Oct 7.","Mijailovich SM","Eur Biophys J","2012","2012/10/12","PMC3509328","","10.1007/s00249-012-0859-8"
"28125613","Diffusion and Binding of Mismatch Repair Protein, MSH2, in Breast Cancer Cells at Different Stages of Neoplastic Transformation","Sigley J, Jarzen J, Scarpinato K, Guthold M, Pu T, Nelli D, Low J, Bonin K.","PLoS One. 2017 Jan 26;12(1):e0170414. doi: 10.1371/journal.pone.0170414. eCollection 2017.","Sigley J","PLoS One","2017","2017/01/27","PMC5268495","","10.1371/journal.pone.0170414"
"17213877","Reversible movement of switch 1 loop of myosin determines actin interaction","Kintses B, Gyimesi M, Pearson DS, Geeves MA, Zeng W, Bagshaw CR, Málnási-Csizmadia A.","EMBO J. 2007 Jan 10;26(1):265-74. doi: 10.1038/sj.emboj.7601482.","Kintses B","EMBO J","2007","2007/01/11","PMC1782383","","10.1038/sj.emboj.7601482"
"23624101","Interaction of anticancer drug mitoxantrone with DNA hexamer sequence d-(CTCGAG)2 by absorption, fluorescence and circular dichroism spectroscopy","Dogra S, Awasthi P, Nair M, Barthwal R.","J Photochem Photobiol B. 2013 Jun 5;123:48-54. doi: 10.1016/j.jphotobiol.2013.03.015. Epub 2013 Apr 6.","Dogra S","J Photochem Photobiol B","2013","2013/04/30","","","10.1016/j.jphotobiol.2013.03.015"
"23958639","Inhibitory kinetics of chlorocinnamic acids on mushroom tyrosinase","Hu YH, Liu X, Jia YL, Guo YJ, Wang Q, Chen QX.","J Biosci Bioeng. 2014 Feb;117(2):142-146. doi: 10.1016/j.jbiosc.2013.07.002. Epub 2013 Aug 16.","Hu YH","J Biosci Bioeng","2014","2013/08/21","","","10.1016/j.jbiosc.2013.07.002"
"22037914","'Null method' determination of drug biophase concentration","Tallarida RJ, Lamarre N, Raffa RB.","Pharm Res. 2012 Mar;29(3):637-42. doi: 10.1007/s11095-011-0612-5. Epub 2011 Oct 29.","Tallarida RJ","Pharm Res","2012","2011/11/01","PMC4005008","NIHMS572509","10.1007/s11095-011-0612-5"
"20409479","One-dimensional Brownian motion of charged nanoparticles along microtubules: a model system for weak binding interactions","Minoura I, Katayama E, Sekimoto K, Muto E.","Biophys J. 2010 Apr 21;98(8):1589-97. doi: 10.1016/j.bpj.2009.12.4323.","Minoura I","Biophys J","2010","2010/04/23","PMC2856184","","10.1016/j.bpj.2009.12.4323"
"33432159","Dynamic thylakoid stacking and state transitions work synergistically to avoid acceptor-side limitation of photosystem I","Hepworth C, Wood WHJ, Emrich-Mills TZ, Proctor MS, Casson S, Johnson MP.","Nat Plants. 2021 Jan;7(1):87-98. doi: 10.1038/s41477-020-00828-3. Epub 2021 Jan 11.","Hepworth C","Nat Plants","2021","2021/01/12","","","10.1038/s41477-020-00828-3"
"19747005","Mechanisms of interactions of the nucleotide cofactor with the RepA protein of plasmid RSF1010. Binding dynamics studied using the fluorescence stopped-flow method","Andreeva IE, Roychowdhury A, Szymanski MR, Jezewska MJ, Bujalowski W.","Biochemistry. 2009 Nov 10;48(44):10620-36. doi: 10.1021/bi900940q.","Andreeva IE","Biochemistry","2009","2009/09/15","PMC3072149","NIHMS280815","10.1021/bi900940q"
"23031846","Relationship between endosperm cells redox homeostasis and glutenin polymers assembly in developing durum wheat grain","Ferreira MS, Samson MF, Bonicel J, Morel MH.","Plant Physiol Biochem. 2012 Dec;61:36-45. doi: 10.1016/j.plaphy.2012.08.015. Epub 2012 Sep 5.","Ferreira MS","Plant Physiol Biochem","2012","2012/10/04","","","10.1016/j.plaphy.2012.08.015"
"17939757","Detection of high- and low-affinity antibodies against a human monoclonal antibody using various technology platforms","Liang M, Klakamp SL, Funelas C, Lu H, Lam B, Herl C, Umble A, Drake AW, Pak M, Ageyeva N, Pasumarthi R, Roskos LK.","Assay Drug Dev Technol. 2007 Oct;5(5):655-62. doi: 10.1089/adt.2007.089.","Liang M","Assay Drug Dev Technol","2007","2007/10/18","","","10.1089/adt.2007.089"
"20733040","Mechanisms involved in the selection of HIV-1 reverse transcriptase thumb subdomain polymorphisms associated with nucleoside analogue therapy failure","Betancor G, Puertas MC, Nevot M, Garriga C, Martínez MA, Martinez-Picado J, Menéndez-Arias L.","Antimicrob Agents Chemother. 2010 Nov;54(11):4799-811. doi: 10.1128/AAC.00716-10. Epub 2010 Aug 23.","Betancor G","Antimicrob Agents Chemother","2010","2010/08/25","PMC2976120","","10.1128/AAC.00716-10"
"18048312","Molecular coevolution of the vertebrate cytochrome c(1) and Rieske iron sulphur protein in the cytochrome bc(1) complex","Baer KK, McClellan DA.","Int J Bioinform Res Appl. 2007;3(4):456-70. doi: 10.1504/IJBRA.2007.015414.","Baer KK","Int J Bioinform Res Appl","2007","2007/12/01","","","10.1504/IJBRA.2007.015414"
"19883114","Kinetic mechanism for the flipping and excision of 1,N(6)-ethenoadenine by human alkyladenine DNA glycosylase","Wolfe AE, O'Brien PJ.","Biochemistry. 2009 Dec 8;48(48):11357-69. doi: 10.1021/bi9015082.","Wolfe AE","Biochemistry","2009","2009/11/04","PMC2792197","NIHMS157764","10.1021/bi9015082"
"27792302","Six-Transmembrane Epithelial Antigen of Prostate 1 (STEAP1) Has a Single b Heme and Is Capable of Reducing Metal Ion Complexes and Oxygen","Kim K, Mitra S, Wu G, Berka V, Song J, Yu Y, Poget S, Wang DN, Tsai AL, Zhou M.","Biochemistry. 2016 Dec 6;55(48):6673-6684. doi: 10.1021/acs.biochem.6b00610. Epub 2016 Nov 17.","Kim K","Biochemistry","2016","2016/10/30","PMC7251975","NIHMS1586594","10.1021/acs.biochem.6b00610"
"24099941","Reversible and competitive inhibitory kinetics of amoxicillin on mushroom tyrosinase","Chen XX, Zhang J, Chai WM, Feng HL, Xiang ZH, Shen DY, Chen QX.","Int J Biol Macromol. 2013 Nov;62:726-33. doi: 10.1016/j.ijbiomac.2013.09.052. Epub 2013 Oct 4.","Chen XX","Int J Biol Macromol","2013","2013/10/09","","","10.1016/j.ijbiomac.2013.09.052"
"19812088","A kinetic model that explains the effect of inorganic phosphate on the mechanics and energetics of isometric contraction of fast skeletal muscle","Linari M, Caremani M, Lombardi V.","Proc Biol Sci. 2010 Jan 7;277(1678):19-27. doi: 10.1098/rspb.2009.1498. Epub 2009 Oct 7.","Linari M","Proc Biol Sci","2010","2009/10/09","PMC2842631","","10.1098/rspb.2009.1498"
"20201585","Probing DNA binding, DNA opening, and assembly of a downstream clamp/jaw in Escherichia coli RNA polymerase-lambdaP(R) promoter complexes using salt and the physiological anion glutamate","Kontur WS, Capp MW, Gries TJ, Saecker RM, Record MT Jr.","Biochemistry. 2010 May 25;49(20):4361-73. doi: 10.1021/bi100092a.","Kontur WS","Biochemistry","2010","2010/03/06","PMC2893406","NIHMS200694","10.1021/bi100092a"
"24684684","Computational characterization of ketone-ketal transformations at the active site of matrix metalloproteinases","Khrenova MG, Nemukhin AV, Savitsky AP.","J Phys Chem B. 2014 Apr 24;118(16):4345-50. doi: 10.1021/jp501674b. Epub 2014 Apr 11.","Khrenova MG","J Phys Chem B","2014","2014/04/02","","","10.1021/jp501674b"
"17202139","Tautomerism of histidine 64 associated with proton transfer in catalysis of carbonic anhydrase","Shimahara H, Yoshida T, Shibata Y, Shimizu M, Kyogoku Y, Sakiyama F, Nakazawa T, Tate SI, Ohki SY, Kato T, Moriyama H, Kishida KI, Tano Y, Ohkubo T, Kobayashi Y.","J Biol Chem. 2007 Mar 30;282(13):9646-9656. doi: 10.1074/jbc.M609679200. Epub 2007 Jan 3.","Shimahara H","J Biol Chem","2007","2007/01/05","","","10.1074/jbc.M609679200"
"24987966","Mixed disulfide formation at Cys141 leads to apparent unidirectional attenuation of Aspergillus niger NADP-glutamate dehydrogenase activity","Walvekar AS, Choudhury R, Punekar NS.","PLoS One. 2014 Jul 2;9(7):e101662. doi: 10.1371/journal.pone.0101662. eCollection 2014.","Walvekar AS","PLoS One","2014","2014/07/03","PMC4079599","","10.1371/journal.pone.0101662"
"17302736","Slow conformational dynamics of the guanine nucleotide-binding protein Ras complexed with the GTP analogue GTPgammaS","Spoerner M, Nuehs A, Herrmann C, Steiner G, Kalbitzer HR.","FEBS J. 2007 Mar;274(6):1419-33. doi: 10.1111/j.1742-4658.2007.05681.x.","Spoerner M","FEBS J","2007","2007/02/17","","","10.1111/j.1742-4658.2007.05681.x"
"18576650","Water Activity Regulates the Q(A)(-) to Q(B) electron transfer in photosynthetic reaction centers from Rhodobacter sphaeroides","Palazzo G, Francia F, Mallardi A, Giustini M, Lopez F, Venturoli G.","J Am Chem Soc. 2008 Jul 23;130(29):9353-63. doi: 10.1021/ja801963a. Epub 2008 Jun 25.","Palazzo G","J Am Chem Soc","2008","2008/06/26","","","10.1021/ja801963a"
"18165319","Heterogeneity in EGF-binding affinities arises from negative cooperativity in an aggregating system","Macdonald JL, Pike LJ.","Proc Natl Acad Sci U S A. 2008 Jan 8;105(1):112-7. doi: 10.1073/pnas.0707080105. Epub 2007 Dec 28.","Macdonald JL","Proc Natl Acad Sci U S A","2008","2008/01/01","PMC2224169","","10.1073/pnas.0707080105"
"21420351","Zinc ion-tetraphenylporphyrin interactions in the ground and excited states","Chaudhuri T, Goswami D, Banerjee M.","Spectrochim Acta A Mol Biomol Spectrosc. 2011 Jun;79(1):131-6. doi: 10.1016/j.saa.2011.02.023. Epub 2011 Feb 24.","Chaudhuri T","Spectrochim Acta A Mol Biomol Spectrosc","2011","2011/03/23","","","10.1016/j.saa.2011.02.023"
"20937837","Conformational states of human rat sarcoma (Ras) protein complexed with its natural ligand GTP and their role for effector interaction and GTP hydrolysis","Spoerner M, Hozsa C, Poetzl JA, Reiss K, Ganser P, Geyer M, Kalbitzer HR.","J Biol Chem. 2010 Dec 17;285(51):39768-78. doi: 10.1074/jbc.M110.145235. Epub 2010 Oct 11.","Spoerner M","J Biol Chem","2010","2010/10/13","PMC3000958","","10.1074/jbc.M110.145235"
"18191943","Late steps in the formation of E. coli RNA polymerase-lambda P R promoter open complexes: characterization of conformational changes by rapid [perturbant] upshift experiments","Kontur WS, Saecker RM, Capp MW, Record MT Jr.","J Mol Biol. 2008 Feb 29;376(4):1034-47. doi: 10.1016/j.jmb.2007.11.064. Epub 2007 Nov 29.","Kontur WS","J Mol Biol","2008","2008/01/15","PMC2396949","NIHMS41518","10.1016/j.jmb.2007.11.064"
"18830825","Characterization of the interactions of lysozyme with DNA by surface plasmon resonance and circular dichroism spectroscopy","Lin KC, Wey MT, Kan LS, Shiuan D.","Appl Biochem Biotechnol. 2009 Sep;158(3):631-41. doi: 10.1007/s12010-008-8348-3. Epub 2008 Oct 2.","Lin KC","Appl Biochem Biotechnol","2009","2008/10/03","","","10.1007/s12010-008-8348-3"
"22796577","Lufaxin, a novel factor Xa inhibitor from the salivary gland of the sand fly Lutzomyia longipalpis blocks protease-activated receptor 2 activation and inhibits inflammation and thrombosis in vivo","Collin N, Assumpção TC, Mizurini DM, Gilmore DC, Dutra-Oliveira A, Kotsyfakis M, Sá-Nunes A, Teixeira C, Ribeiro JM, Monteiro RQ, Valenzuela JG, Francischetti IM.","Arterioscler Thromb Vasc Biol. 2012 Sep;32(9):2185-98. doi: 10.1161/ATVBAHA.112.253906. Epub 2012 Jul 12.","Collin N","Arterioscler Thromb Vasc Biol","2012","2012/07/17","PMC3421056","NIHMS394493","10.1161/ATVBAHA.112.253906"
"28295202","In situ esterification and extractive fermentation for butyl butyrate production with Clostridium tyrobutyricum","Zhang ZT, Taylor S, Wang Y.","Biotechnol Bioeng. 2017 Jul;114(7):1428-1437. doi: 10.1002/bit.26289. Epub 2017 Apr 18.","Zhang ZT","Biotechnol Bioeng","2017","2017/03/16","","","10.1002/bit.26289"
"19898692","Evaluation of mixed-salt effects on thermodynamic and kinetic parameters of RNA polymerase-promoter DNA complexes in terms of equivalent salt concentrations. General applicability to DNA complexes","Łoziński T, Wierzchowski KL.","Acta Biochim Pol. 2009;56(4):695-702. Epub 2009 Nov 5.","Łoziński T","Acta Biochim Pol","2009","2009/11/10","","",""
"18207161","Directed evolution to low nanomolar affinity of a tumor-targeting epidermal growth factor receptor-binding affibody molecule","Friedman M, Orlova A, Johansson E, Eriksson TL, Höidén-Guthenberg I, Tolmachev V, Nilsson FY, Ståhl S.","J Mol Biol. 2008 Mar 7;376(5):1388-402. doi: 10.1016/j.jmb.2007.12.060. Epub 2008 Jan 4.","Friedman M","J Mol Biol","2008","2008/01/22","","","10.1016/j.jmb.2007.12.060"
"26143256","A family of DNA aptamers with varied duplex region length that forms complexes with thrombin and prothrombin","Spiridonova VA, Barinova KV, Glinkina KA, Melnichuk AV, Gainutdynov AA, Safenkova IV, Dzantiev BB.","FEBS Lett. 2015 Jul 22;589(16):2043-9. doi: 10.1016/j.febslet.2015.06.020. Epub 2015 Jul 2.","Spiridonova VA","FEBS Lett","2015","2015/07/06","","","10.1016/j.febslet.2015.06.020"
"17449872","Selective perturbation of the myosin recovery stroke by point mutations at the base of the lever arm affects ATP hydrolysis and phosphate release","Málnási-Csizmadia A, Tóth J, Pearson DS, Hetényi C, Nyitray L, Geeves MA, Bagshaw CR, Kovács M.","J Biol Chem. 2007 Jun 15;282(24):17658-64. doi: 10.1074/jbc.M701447200. Epub 2007 Apr 21.","Málnási-Csizmadia A","J Biol Chem","2007","2007/04/24","","","10.1074/jbc.M701447200"
"20696575","Removal of mercury (II) from aqueous solution using papain immobilized on alginate bead: optimization of immobilization condition and modeling of removal study","Bhattacharyya A, Dutta S, De P, Ray P, Basu S.","Bioresour Technol. 2010 Dec;101(24):9421-8. doi: 10.1016/j.biortech.2010.06.126. Epub 2010 Aug 8.","Bhattacharyya A","Bioresour Technol","2010","2010/08/11","","","10.1016/j.biortech.2010.06.126"
"17311283","Tenascin cytotactin epidermal growth factor-like repeat binds epidermal growth factor receptor with low affinity","Iyer AK, Tran KT, Borysenko CW, Cascio M, Camacho CJ, Blair HC, Bahar I, Wells A.","J Cell Physiol. 2007 Jun;211(3):748-58. doi: 10.1002/jcp.20986.","Iyer AK","J Cell Physiol","2007","2007/02/22","","","10.1002/jcp.20986"
"23906761","The antiangiogenic activity of a soluble fragment of the VEGFR extracellular domain","Li H, Cao W, Chen Z, Acheampong DO, Jin H, Li D, Zhang J, Wang M.","Biomed Pharmacother. 2013 Sep;67(7):599-606. doi: 10.1016/j.biopha.2013.06.001. Epub 2013 Jul 10.","Li H","Biomed Pharmacother","2013","2013/08/03","","","10.1016/j.biopha.2013.06.001"
"19022233","Activity of yeast alcohol dehydrogenases on benzyl alcohols and benzaldehydes: characterization of ADH1 from Saccharomyces carlsbergensis and transition state analysis","Pal S, Park DH, Plapp BV.","Chem Biol Interact. 2009 Mar 16;178(1-3):16-23. doi: 10.1016/j.cbi.2008.10.037. Epub 2008 Nov 5.","Pal S","Chem Biol Interact","2009","2008/11/22","PMC2712655","NIHMS97400","10.1016/j.cbi.2008.10.037"
"24050369","Specific heat of hydrated lysozyme, water's contribution to its dynamics, and criteria for glass formation of biomaterials","Tombari E, Johari GP.","J Chem Phys. 2013 Sep 14;139(10):105102. doi: 10.1063/1.4819791.","Tombari E","J Chem Phys","2013","2013/09/21","","","10.1063/1.4819791"
"21205903","High-pressure EPR reveals conformational equilibria and volumetric properties of spin-labeled proteins","McCoy J, Hubbell WL.","Proc Natl Acad Sci U S A. 2011 Jan 25;108(4):1331-6. doi: 10.1073/pnas.1017877108. Epub 2011 Jan 4.","McCoy J","Proc Natl Acad Sci U S A","2011","2011/01/06","PMC3029758","","10.1073/pnas.1017877108"
"21766453","Phenol group in pyridoxamine acts as a stabilizing element for its carbinolamines and Schiff bases","Caldés C, Vilanova B, Adrover M, Muñoz F, Donoso J.","Chem Biodivers. 2011 Jul;8(7):1318-32. doi: 10.1002/cbdv.201000296.","Caldés C","Chem Biodivers","2011","2011/07/19","","","10.1002/cbdv.201000296"
"25298797","Reversibly locked thionucleobase pairs in DNA to study base flipping enzymes","Beuck C, Weinhold E.","Beilstein J Org Chem. 2014 Oct 1;10:2293-306. doi: 10.3762/bjoc.10.239. eCollection 2014.","Beuck C","Beilstein J Org Chem","2014","2014/10/10","PMC4187101","","10.3762/bjoc.10.239"
"19648229","An extended AE-rich N-terminal trunk in secreted pineapple cystatin enhances inhibition of fruit bromelain and is posttranslationally removed during ripening","Neuteboom LW, Matsumoto KO, Christopher DA.","Plant Physiol. 2009 Oct;151(2):515-27. doi: 10.1104/pp.109.142232. Epub 2009 Jul 31.","Neuteboom LW","Plant Physiol","2009","2009/08/04","PMC2754624","","10.1104/pp.109.142232"
"21801056","Development of a flow cytometric assay for detection of coated platelets in dogs and evaluation of binding of coated platelets to recombinant human coagulation factor VIIa","Knudsen T, Kjalke M, Tranholm M, Nichols TC, Jensen AL, Kristensen AT.","Am J Vet Res. 2011 Aug;72(8):1007-14. doi: 10.2460/ajvr.72.8.1007.","Knudsen T","Am J Vet Res","2011","2011/08/02","","","10.2460/ajvr.72.8.1007"
"18313071","Kinetic model for the coupling between allosteric transitions in GroEL and substrate protein folding and aggregation","Tehver R, Thirumalai D.","J Mol Biol. 2008 Apr 4;377(4):1279-95. doi: 10.1016/j.jmb.2008.01.059. Epub 2008 Jan 31.","Tehver R","J Mol Biol","2008","2008/03/04","PMC2364733","NIHMS44811","10.1016/j.jmb.2008.01.059"
"19191546","Loop-tryptophan human purine nucleoside phosphorylase reveals submillisecond protein dynamics","Ghanem M, Zhadin N, Callender R, Schramm VL.","Biochemistry. 2009 Apr 28;48(16):3658-68. doi: 10.1021/bi802339c.","Ghanem M","Biochemistry","2009","2009/02/05","PMC2674222","NIHMS93015","10.1021/bi802339c"
"22451400","Molecular and catalytic properties of monoacetylphloroglucinol acetyltransferase from Pseudomonas sp. YGJ3","Hayashi A, Saitou H, Mori T, Matano I, Sugisaki H, Maruyama K.","Biosci Biotechnol Biochem. 2012;76(3):559-66. doi: 10.1271/bbb.110860.","Hayashi A","Biosci Biotechnol Biochem","2012","2012/03/28","","","10.1271/bbb.110860"
"19071099","Simultaneous binding of coenzyme and two ligand molecules into the active site of fungal trihydroxynaphthalene reductase","Stojan J, Brunskole M, Rizner TL.","Chem Biol Interact. 2009 Mar 16;178(1-3):268-73. doi: 10.1016/j.cbi.2008.11.010. Epub 2008 Nov 24.","Stojan J","Chem Biol Interact","2009","2008/12/17","","","10.1016/j.cbi.2008.11.010"
"17360343","Single-molecule measurements of the opening and closing of the DNA gate by eukaryotic topoisomerase II","Smiley RD, Collins TR, Hammes GG, Hsieh TS.","Proc Natl Acad Sci U S A. 2007 Mar 20;104(12):4840-5. doi: 10.1073/pnas.0700342104. Epub 2007 Mar 14.","Smiley RD","Proc Natl Acad Sci U S A","2007","2007/03/16","PMC1829226","","10.1073/pnas.0700342104"
"21866908","Volumetric characterization of interactions of glycine betaine with protein groups","Shek YL, Chalikian TV.","J Phys Chem B. 2011 Oct 6;115(39):11481-9. doi: 10.1021/jp205777a. Epub 2011 Sep 12.","Shek YL","J Phys Chem B","2011","2011/08/27","","","10.1021/jp205777a"
"22230287","Allowance for effects of thermodynamic nonideality in sedimentation equilibrium distributions reflecting protein dimerization","Wills PR, Scott DJ, Winzor DJ.","Anal Biochem. 2012 Mar 1;422(1):28-32. doi: 10.1016/j.ab.2011.12.010. Epub 2011 Dec 13.","Wills PR","Anal Biochem","2012","2012/01/11","","","10.1016/j.ab.2011.12.010"
"20674981","Low temperature photo-oxidation of chloroperoxidase Compound II","Yuan X, Sheng X, Horner JH, Bennett B, Fung LW, Newcomb M.","J Inorg Biochem. 2010 Nov;104(11):1156-63. doi: 10.1016/j.jinorgbio.2010.07.004. Epub 2010 Jul 17.","Yuan X","J Inorg Biochem","2010","2010/08/03","PMC2963949","NIHMS240753","10.1016/j.jinorgbio.2010.07.004"
"29176910","The effect of Ca(2+) ions and ionic strength on Mn(II) oxidation by spores of the marine Bacillus sp. SG-1","Toyoda K, Tebo BM.","Geochim Cosmochim Acta. 2013 Jan 15;101:1-11. doi: 10.1016/j.gca.2012.10.008. Epub 2012 Oct 3.","Toyoda K","Geochim Cosmochim Acta","2013","2017/11/28","PMC5701786","NIHMS423587","10.1016/j.gca.2012.10.008"
"22418259","Kinetic mechanism of fuculose-1-phosphate aldolase from the hyperthermophilic archaeon Methanococcus jannaschii","Park HC, Park JS, Choi JD, Dabrowski M, Atkins WM, Yoon MY.","Enzyme Microb Technol. 2012 Apr 5;50(4-5):209-14. doi: 10.1016/j.enzmictec.2012.01.001. Epub 2012 Jan 17.","Park HC","Enzyme Microb Technol","2012","2012/03/16","","","10.1016/j.enzmictec.2012.01.001"
"33940717","Enzymatic degradation of polyethylene terephthalate nanoplastics analyzed in real time by isothermal titration calorimetry","Vogel K, Wei R, Pfaff L, Breite D, Al-Fathi H, Ortmann C, Estrela-Lopis I, Venus T, Schulze A, Harms H, Bornscheuer UT, Maskow T.","Sci Total Environ. 2021 Jun 15;773:145111. doi: 10.1016/j.scitotenv.2021.145111. Epub 2021 Feb 3.","Vogel K","Sci Total Environ","2021","2021/05/04","","","10.1016/j.scitotenv.2021.145111"
"25531753","Insights into substrate binding to the oxygen-evolving complex of photosystem II from ammonia inhibition studies","Vinyard DJ, Brudvig GW.","Biochemistry. 2015 Jan 20;54(2):622-8. doi: 10.1021/bi5014134. Epub 2015 Jan 6.","Vinyard DJ","Biochemistry","2015","2014/12/23","","","10.1021/bi5014134"
"33582140","Fluorescence depolarization dynamics of ionic strength sensors using time-resolved anisotropy","Aplin CP, Miller RC, Kay TM, Heikal AA, Boersma AJ, Sheets ED.","Biophys J. 2021 Apr 20;120(8):1417-1430. doi: 10.1016/j.bpj.2021.01.035. Epub 2021 Feb 12.","Aplin CP","Biophys J","2021","2021/02/14","PMC8105717","","10.1016/j.bpj.2021.01.035"
"22915062","Exploring substrate binding in homoprotocatechuate 2,3-dioxygenase using isothermal titration calorimetry","Henderson KL, Le VH, Lewis EA, Emerson JP.","J Biol Inorg Chem. 2012 Oct;17(7):991-4. doi: 10.1007/s00775-012-0929-5. Epub 2012 Aug 23.","Henderson KL","J Biol Inorg Chem","2012","2012/08/24","","","10.1007/s00775-012-0929-5"
"21385562","Ultrasonic analysis of kinetic mechanism of hydrolysis of cellobiose by β-glucosidase","Resa P, Buckin V.","Anal Biochem. 2011 Aug 1;415(1):1-11. doi: 10.1016/j.ab.2011.03.003. Epub 2011 Mar 6.","Resa P","Anal Biochem","2011","2011/03/10","","","10.1016/j.ab.2011.03.003"
"17490804","Two different ways that hydrogen ions are involved in the thermodynamics and rapid-equilibrium kinetics of the enzymatic catalysis of S=P and S+H2O=P","Alberty RA.","Biophys Chem. 2007 Jul;128(2-3):204-9. doi: 10.1016/j.bpc.2007.04.004. Epub 2007 Apr 22.","Alberty RA","Biophys Chem","2007","2007/05/11","","","10.1016/j.bpc.2007.04.004"
"24211417","Effect of particle size on conformation and enzymatic activity of EcoRI adsorbed on CdS nanoparticles","Song Y, Zhong D, Luo D, Huang M, Huang Z, Tan H, Sun L, Wang L.","Colloids Surf B Biointerfaces. 2014 Feb 1;114:269-76. doi: 10.1016/j.colsurfb.2013.10.020. Epub 2013 Oct 22.","Song Y","Colloids Surf B Biointerfaces","2014","2013/11/12","","","10.1016/j.colsurfb.2013.10.020"
"21110943","Cardiolipin modulates allosterically peroxynitrite detoxification by horse heart cytochrome c","Ascenzi P, Ciaccio C, Sinibaldi F, Santucci R, Coletta M.","Biochem Biophys Res Commun. 2011 Jan 7;404(1):190-4. doi: 10.1016/j.bbrc.2010.11.091. Epub 2010 Nov 24.","Ascenzi P","Biochem Biophys Res Commun","2011","2010/11/30","","","10.1016/j.bbrc.2010.11.091"
"18979460","Optimization of hydrophobic interaction chromatography using a mathematical model of elution curves of a protein mixture","Lienqueo ME, Shene C, Asenjo J.","J Mol Recognit. 2009 Mar-Apr;22(2):110-20. doi: 10.1002/jmr.927.","Lienqueo ME","J Mol Recognit","2009","2008/11/04","","","10.1002/jmr.927"
"24156654","Electrochemical behavior of flavin adenine dinucleotide adsorbed onto carbon nanotube and nitrogen-doped carbon nanotube electrodes","Goran JM, Stevenson KJ.","Langmuir. 2013 Nov 5;29(44):13605-13. doi: 10.1021/la403020y. Epub 2013 Oct 24.","Goran JM","Langmuir","2013","2013/10/26","","","10.1021/la403020y"
"18942854","Changes in quaternary structure in the signaling mechanisms of PAS domains","Ayers RA, Moffat K.","Biochemistry. 2008 Nov 18;47(46):12078-86. doi: 10.1021/bi801254c. Epub 2008 Oct 23.","Ayers RA","Biochemistry","2008","2008/10/24","PMC3092534","NIHMS86419","10.1021/bi801254c"
"20624468","Inhibitory kinetics of citric acid on beta-N-acetyl-d-glucosaminidase from prawn (Litopenaeus vannamei)","Xie XL, Hu YH, Wang LL, Chen CQ, Huang QS, Zhou HT, Chen QX.","Fish Shellfish Immunol. 2010 Oct;29(4):674-8. doi: 10.1016/j.fsi.2010.07.004. Epub 2010 Jul 17.","Xie XL","Fish Shellfish Immunol","2010","2010/07/14","","","10.1016/j.fsi.2010.07.004"
"22899008","Real time protein recognition in a liquid-gated carbon nanotube field-effect transistor modified with aptamers","Pacios M, Martin-Fernandez I, Borrisé X, del Valle M, Bartrolí J, Lora-Tamayo E, Godignon P, Pérez-Murano F, Esplandiu MJ.","Nanoscale. 2012 Sep 28;4(19):5917-23. doi: 10.1039/c2nr31257c. Epub 2012 Aug 17.","Pacios M","Nanoscale","2012","2012/08/18","","","10.1039/c2nr31257c"
"18395530","Molecular and kinetic characterization of two UDP-glucose pyrophosphorylases, products of distinct genes, from Arabidopsis","Meng M, Wilczynska M, Kleczkowski LA.","Biochim Biophys Acta. 2008 Jun;1784(6):967-72. doi: 10.1016/j.bbapap.2008.02.021. Epub 2008 Mar 18.","Meng M","Biochim Biophys Acta","2008","2008/04/09","","","10.1016/j.bbapap.2008.02.021"
"17676876","Unusual mechanism for an aminomutase rearrangement: retention of configuration at the migration termini","Mutatu W, Klettke KL, Foster C, Walker KD.","Biochemistry. 2007 Aug 28;46(34):9785-94. doi: 10.1021/bi700691p. Epub 2007 Aug 4.","Mutatu W","Biochemistry","2007","2007/08/07","","","10.1021/bi700691p"
"17388551","15N nuclear magnetic resonance studies of acid-base properties of pyridoxal-5'-phosphate aldimines in aqueous solution","Sharif S, Huot MC, Tolstoy PM, Toney MD, Jonsson KH, Limbach HH.","J Phys Chem B. 2007 Apr 19;111(15):3869-76. doi: 10.1021/jp067334g. Epub 2007 Mar 23.","Sharif S","J Phys Chem B","2007","2007/03/29","","","10.1021/jp067334g"
"17486664","Recognized sequence and conformation in design of linear peptides as a competitive inhibitor for HMG-CoA reductase","Pak VV, Koo M, Yun L, Kwon DY.","J Mol Recognit. 2007 May-Jun;20(3):197-203. doi: 10.1002/jmr.824.","Pak VV","J Mol Recognit","2007","2007/05/09","","","10.1002/jmr.824"
"19746465","Chiral catalysts dually functionalized with amino acid and Zn2+ complex components for enantioselective direct aldol reactions inspired by natural aldolases: design, synthesis, complexation properties, catalytic activities, and mechanistic study","Itoh S, Kitamura M, Yamada Y, Aoki S.","Chemistry. 2009 Oct 12;15(40):10570-84. doi: 10.1002/chem.200900733.","Itoh S","Chemistry","2009","2009/09/12","","","10.1002/chem.200900733"
"20605432","Real-time monitoring and kinetic parameter estimation of the affinity interaction of jArtinM and rArtinM with peroxidase glycoprotein by the electrogravimetric technique","Pesquero NC, Pedroso MM, Watanabe AM, Goldman MH, Faria RC, Roque-Barreira MC, Bueno PR.","Biosens Bioelectron. 2010 Sep 15;26(1):36-42. doi: 10.1016/j.bios.2010.04.047. Epub 2010 May 7.","Pesquero NC","Biosens Bioelectron","2010","2010/07/08","","","10.1016/j.bios.2010.04.047"
"17848571","Elucidation of a complete kinetic mechanism for a mammalian hydroxysteroid dehydrogenase (HSD) and identification of all enzyme forms on the reaction coordinate: the example of rat liver 3alpha-HSD (AKR1C9)","Cooper WC, Jin Y, Penning TM.","J Biol Chem. 2007 Nov 16;282(46):33484-33493. doi: 10.1074/jbc.M703414200. Epub 2007 Sep 11.","Cooper WC","J Biol Chem","2007","2007/09/13","","","10.1074/jbc.M703414200"
"16997546","The catalytic mode of cysteine proteinases of papain (C1) family","Theodorou LG, Bieth JG, Papamichael EM.","Bioresour Technol. 2007 Jul;98(10):1931-9. doi: 10.1016/j.biortech.2006.07.037. Epub 2006 Sep 25.","Theodorou LG","Bioresour Technol","2007","2006/09/26","","","10.1016/j.biortech.2006.07.037"
"20594825","Cellulase deactivation based kinetic modeling of enzymatic hydrolysis of steam-exploded wheat straw","Zhang Y, Xu JL, Xu HJ, Yuan ZH, Guo Y.","Bioresour Technol. 2010 Nov;101(21):8261-6. doi: 10.1016/j.biortech.2010.06.015. Epub 2010 Jul 1.","Zhang Y","Bioresour Technol","2010","2010/07/03","","","10.1016/j.biortech.2010.06.015"
"18811187","New insights into urea action on proteins: a SANS study of the lysozyme case","Ortore MG, Sinibaldi R, Spinozzi F, Carsughi F, Clemens D, Bonincontro A, Mariani P.","J Phys Chem B. 2008 Oct 16;112(41):12881-7. doi: 10.1021/jp711544u. Epub 2008 Sep 24.","Ortore MG","J Phys Chem B","2008","2008/09/25","","","10.1021/jp711544u"
"21322582","Real time detection of lysozyme by pulsed streaming potentials using polyclonal antibodies immobilized on a renewable nonfouling surface inside plastic microfluidic channels","Luna-Vera F, Ferguson JD, Alvarez JC.","Anal Chem. 2011 Mar 15;83(6):2012-9. doi: 10.1021/ac102769j. Epub 2011 Feb 15.","Luna-Vera F","Anal Chem","2011","2011/02/17","","","10.1021/ac102769j"
"22047920","Humidity adsorption kinetics of a trypsin gel film","Okur S, Ceylan C, Culcular E.","J Colloid Interface Sci. 2012 Feb 15;368(1):470-3. doi: 10.1016/j.jcis.2011.09.078. Epub 2011 Oct 6.","Okur S","J Colloid Interface Sci","2012","2011/11/04","","","10.1016/j.jcis.2011.09.078"
"17543316","Adsorption equilibrium of fructosyltransferase on a weak anion-exchange resin","Vanková K, Antosová M, Polakovic M.","J Chromatogr A. 2007 Aug 24;1162(1):56-61. doi: 10.1016/j.chroma.2007.05.031. Epub 2007 May 16.","Vanková K","J Chromatogr A","2007","2007/06/05","","","10.1016/j.chroma.2007.05.031"
"33861237","Carbon-nitrogen conjugate-composited Cu(1.8)S with enhanced peroxidase-like activity for the colorimetric detection of hydrogen peroxide and glutathione","Li N, Zhu M, Feng Z, Lu W, Chen J, Zhan J.","Anal Methods. 2021 Apr 14;13(14):1706-1714. doi: 10.1039/d1ay00166c. Epub 2021 Mar 22.","Li N","Anal Methods","2021","2021/04/16","","","10.1039/d1ay00166c"
"17825916","Modeling the haloperoxidases: reversible oxygen atom transfer between bromide ion and an oxo-Mn(V) porphyrin","Lahaye D, Groves JT.","J Inorg Biochem. 2007 Nov;101(11-12):1786-97. doi: 10.1016/j.jinorgbio.2007.07.017. Epub 2007 Jul 21.","Lahaye D","J Inorg Biochem","2007","2007/09/11","","","10.1016/j.jinorgbio.2007.07.017"
"21550711","Allowance for thermodynamic nonideality in the characterization of protein interactions by spectral techniques","Wills PR, Winzor DJ.","Biophys Chem. 2011 Sep;158(1):21-5. doi: 10.1016/j.bpc.2011.04.011. Epub 2011 Apr 19.","Wills PR","Biophys Chem","2011","2011/05/10","","","10.1016/j.bpc.2011.04.011"
"18025586","Effect of the pretreatment of lipase with organic solvents on its conformation and activity in reverse micelles","Moniruzzaman M, Talukder MR, Hayashi Y, Kawanishi T.","Appl Biochem Biotechnol. 2007 Sep;142(3):253-62. doi: 10.1007/s12010-007-0020-9.","Moniruzzaman M","Appl Biochem Biotechnol","2007","2007/11/21","","","10.1007/s12010-007-0020-9"
"18698480","Preparation of CLA ascorbyl ester with improved volumetric productivity by an ionic liquid-based reaction system","Chen B, Guo Z, Let MB, Lue BM, Xu X.","Org Biomol Chem. 2008 Sep 7;6(17):3196-201. doi: 10.1039/b807710j. Epub 2008 Jul 11.","Chen B","Org Biomol Chem","2008","2008/08/14","","","10.1039/b807710j"
"21255995","35 MHz quartz crystal microbalance and surface plasmon resonance studies on the binding of angiotensin converting enzyme with lisinopril","Su Z, Chen L, Liu Y, He X, Zhou Y, Xie Q, Yao S.","Biosens Bioelectron. 2011 Mar 15;26(7):3240-5. doi: 10.1016/j.bios.2010.12.033. Epub 2010 Dec 28.","Su Z","Biosens Bioelectron","2011","2011/01/25","","","10.1016/j.bios.2010.12.033"
"33676678","Immunochemical method for penthiopyrad detection through thermodynamic and kinetic characterization of monoclonal antibodies","Ceballos-Alcantarilla E, Abad-Fuentes A, Agulló C, Abad-Somovilla A, Mercader JV.","Talanta. 2021 May 1;226:122123. doi: 10.1016/j.talanta.2021.122123. Epub 2021 Jan 22.","Ceballos-Alcantarilla E","Talanta","2021","2021/03/07","","","10.1016/j.talanta.2021.122123"
